ISO timestamp of the run (UTC),Page URL measured,Lighthouse strategy (mobile|desktop),Lighthouse Performance score (0-100),Largest Contentful Paint (ms),Cumulative Layout Shift (unitless),Interaction to Next Paint (ms),Time to First Byte (ms),Total Blocking Time (ms),Speed Index (ms)
target: n/a,target: n/a,target: n/a,target: >= 90,target: <= 2500,target: <= 0.1,target: <= 200,target: <= 800,target: <= 200,target: <= 3400
timestamp_iso,url,strategy,lh_performance,lcp_ms,cls,inp_ms,ttfb_ms,tbt_ms,speed_index_ms
2026-02-10T14:22:54.765Z,https://www.edgenyc.com/,mobile,27,15488.38875,0.022080919132356654,,29,9690.423249999998,14120.869205094143
2026-02-10T14:22:54.765Z,https://www.edgenyc.com/,desktop,47.5,2690.9405749999996,0,,30.5,1099.7499999999998,3876.428769860207
2026-02-10T14:22:54.765Z,https://www.edgenyc.com/get-tickets/,mobile,25.5,28824.460734999997,0,,33,4082.9398749999973,11656.475512218221
2026-02-10T14:22:54.765Z,https://www.edgenyc.com/get-tickets/,desktop,57.5,3748.407,0,,29.5,428.4999999999993,2299.076165240711
2026-02-10T14:22:54.765Z,https://www.edgenyc.com/city-climb/,mobile,26,25086.456499999997,0,,31,5404,16816.626825669107
2026-02-10T14:22:54.765Z,https://www.edgenyc.com/city-climb/,desktop,53,2372.10675,0,,28.5,749.1223749999984,3317.739355380233
2026-02-10T14:22:54.765Z,https://www.edgenyc.com/marquee-skydeck/,mobile,30.5,19300.386875000004,0,,51,3945.4999999999964,10163.335517548516
2026-02-10T14:22:54.765Z,https://www.edgenyc.com/marquee-skydeck/,desktop,68.5,2039.8819999999998,0.0012751597933631032,,27,372.2499999999991,2435.8423189607233
2026-02-10T14:22:54.765Z,https://www.edgenyc.com/things-to-do/eat-drink/,mobile,31.5,20230.002375,0,,27,3066.829384999992,10042.113266838543
2026-02-10T14:22:54.765Z,https://www.edgenyc.com/things-to-do/eat-drink/,desktop,65,2435.2665,0,,25.5,458.49999999999955,1764.7968753864752
2026-02-10T14:22:54.765Z,https://www.edgenyc.com/advance-saver-ticket/,mobile,26,24996.080125,0,,62,3842.5000000000036,11086.663103885108
2026-02-10T14:22:54.765Z,https://www.edgenyc.com/advance-saver-ticket/,desktop,65.5,3119.1684999999998,0,,27.5,291.7499999999998,2421.7104363373296
2026-02-10T14:22:54.765Z,https://www.edgenyc.com/visit/getting-here/,mobile,27,24344.22775,0,,36,5824.749999999997,8879.74467432335
2026-02-10T14:22:54.765Z,https://www.edgenyc.com/visit/getting-here/,desktop,60.5,2068.6077999999998,0,,34,591.2500000000003,2181.954028779767
2026-02-10T14:22:54.765Z,https://www.edgenyc.com/events/marquee-skydeck/,mobile,32,14937.973500000002,0,,360.5,4275.250000000002,7074.310856182413
2026-02-10T14:22:54.765Z,https://www.edgenyc.com/events/marquee-skydeck/,desktop,63.5,2951.0852499999996,0,,27,365.9547500000001,2084.6068577212445
2026-02-10T14:22:54.765Z,https://www.edgenyc.com/visit/getting-here/edge-menu/,mobile,30,16499.970375,0,,391,3660.499999999998,8685.403977747372
2026-02-10T14:22:54.765Z,https://www.edgenyc.com/visit/getting-here/edge-menu/,desktop,73,1920.8820000000003,0,,34,337.25000000000045,2004.3998211252378
2026-02-10T14:22:54.765Z,https://www.edgenyc.com/events/sky-high-yoga/,mobile,26.5,29202.931499999988,0,,27.5,3033.2954999999974,11778.856633474492
2026-02-10T14:22:54.765Z,https://www.edgenyc.com/events/sky-high-yoga/,desktop,60.5,2830.45825,0.0007807985290254794,,27,369.50000000000045,2991.070722627669
2026-02-11T14:17:31.793Z,https://www.edgenyc.com/,mobile,30,12929.996000000001,0.022080919132356654,,21,10247.075969999994,11770.278931143162
2026-02-11T14:17:31.793Z,https://www.edgenyc.com/,desktop,56,1847.8690000000004,0,,31,1235.7499999999968,2764.088439333553
2026-02-11T14:17:31.793Z,https://www.edgenyc.com/get-tickets/,mobile,26,21713.633260000002,0,,29,3594.000000000001,13078.957499999999
2026-02-11T14:17:31.793Z,https://www.edgenyc.com/get-tickets/,desktop,73.5,1937.166125,0,,46,388.9999999999999,1212.3192185917264
2026-02-11T14:17:31.793Z,https://www.edgenyc.com/city-climb/,mobile,27,21870.775494999994,0,,80.5,4844.710749999996,14826.723286921984
2026-02-11T14:17:31.793Z,https://www.edgenyc.com/city-climb/,desktop,59.5,1671.417,0,,29,892.2499999999991,2672.5847545374377
2026-02-11T14:17:31.793Z,https://www.edgenyc.com/marquee-skydeck/,mobile,34,17531.811999999998,0,,44.5,4160.522250000003,7049.550769735761
2026-02-11T14:17:31.793Z,https://www.edgenyc.com/marquee-skydeck/,desktop,73,1628.26075,0.0012751597933631032,,26,377.3230000000002,2162.016629606253
2026-02-11T14:17:31.793Z,https://www.edgenyc.com/things-to-do/eat-drink/,mobile,42,7630.635000000001,0,,440,4493.652084999999,4528.346326672983
2026-02-11T14:17:31.793Z,https://www.edgenyc.com/things-to-do/eat-drink/,desktop,75.5,1808.9990000000003,0,,30.5,352.4999999999984,1526.3173083788083
2026-02-11T14:17:31.793Z,https://www.edgenyc.com/advance-saver-ticket/,mobile,29,16667.46675,0,,101.5,3517.749999999998,6659.349837791697
2026-02-11T14:17:31.793Z,https://www.edgenyc.com/advance-saver-ticket/,desktop,73,2058.8280000000004,0,,40,337.24999999999886,1769.6720938819926
2026-02-11T14:17:31.793Z,https://www.edgenyc.com/visit/getting-here/,mobile,26,22712.548,0,,44.5,6980.355611455992,10038.07975
2026-02-11T14:17:31.793Z,https://www.edgenyc.com/visit/getting-here/,desktop,59.5,2315.63465,0,,29,683.482125,1889.8124341012692
2026-02-11T14:17:31.793Z,https://www.edgenyc.com/events/marquee-skydeck/,mobile,35.5,12137.911374999998,0,,375,3821.7499999999964,5695.83011732267
2026-02-11T14:17:31.793Z,https://www.edgenyc.com/events/marquee-skydeck/,desktop,79.5,1305.4534999999998,0,,21.5,378.24999999999966,1254.7517401337525
2026-02-11T14:17:31.793Z,https://www.edgenyc.com/visit/getting-here/edge-menu/,mobile,37.5,12417.748749999999,0,,22,3962.557612499999,4994.699349391425
2026-02-11T14:17:31.793Z,https://www.edgenyc.com/visit/getting-here/edge-menu/,desktop,76.5,1902.4340000000004,0,,24,326.5000000000002,1355.78885033708
2026-02-11T14:17:31.793Z,https://www.edgenyc.com/events/sky-high-yoga/,mobile,39.5,23175.168875000003,0,,656,4494.387625000007,5625.423448359921
2026-02-11T14:17:31.793Z,https://www.edgenyc.com/events/sky-high-yoga/,desktop,76,1396.9827500000001,0.0007807985290254794,,23.5,378.99999999999955,1817.9834986900585
2026-02-12T14:12:15.529Z,https://www.edgenyc.com/,mobile,31,19264.058500000006,0,,25,2755.5453675000017,15163.191344431067
2026-02-12T14:12:15.529Z,https://www.edgenyc.com/,desktop,73,1949.931,0,,27,250.99999999999864,3586.783386278089
2026-02-12T14:12:15.529Z,https://www.edgenyc.com/get-tickets/,mobile,36.5,13465.457875000002,0,,31.5,2312.163625000003,6589.057222602672
2026-02-12T14:12:15.529Z,https://www.edgenyc.com/get-tickets/,desktop,90,1902.1540000000002,0,,31.5,53.75,1422.544141578449
2026-02-12T14:12:15.529Z,https://www.edgenyc.com/city-climb/,mobile,35,11386.762750000002,0,,36.5,2743.1607500000055,12499.037226170327
2026-02-12T14:12:15.529Z,https://www.edgenyc.com/city-climb/,desktop,79.5,2211.58525,0,,28.5,134.75,2889.1651287234126
2026-02-12T14:12:15.529Z,https://www.edgenyc.com/marquee-skydeck/,mobile,37.5,13414.4535,0,,26.5,1689.9999999999982,8802.510026906846
2026-02-12T14:12:15.529Z,https://www.edgenyc.com/marquee-skydeck/,desktop,91,1421.6087499999999,0.0012751597933631032,,27,113.75,1938.6162655052472
2026-02-12T14:12:15.529Z,https://www.edgenyc.com/things-to-do/eat-drink/,mobile,36.5,15147.28552,0,,26.5,1799.25,8501.148339401814
2026-02-12T14:12:15.529Z,https://www.edgenyc.com/things-to-do/eat-drink/,desktop,91,1801.3755,0,,22,85.75,1334.329605984657
2026-02-12T14:12:15.529Z,https://www.edgenyc.com/advance-saver-ticket/,mobile,29,19584.0055,0,,51.5,1726,10990.1865
2026-02-12T14:12:15.529Z,https://www.edgenyc.com/advance-saver-ticket/,desktop,91,1753.2875000000001,0,,25.5,57.25,1538.0446614530424
2026-02-12T14:12:15.529Z,https://www.edgenyc.com/visit/getting-here/,mobile,26.5,29105.764000000003,0,,35.5,2220.500000000002,16788.818499999998
2026-02-12T14:12:15.529Z,https://www.edgenyc.com/visit/getting-here/,desktop,85.5,1996.088,0,,27.5,127.74999999999977,1684.2649126598703
2026-02-12T14:12:15.529Z,https://www.edgenyc.com/events/marquee-skydeck/,mobile,43,8011.82425,0,,366,2079.5,5160.51047305526
2026-02-12T14:12:15.529Z,https://www.edgenyc.com/events/marquee-skydeck/,desktop,92.5,1605.0972499999996,0,,31,93.50000000000045,1264.2017427641374
2026-02-12T14:12:15.529Z,https://www.edgenyc.com/visit/getting-here/edge-menu/,mobile,44,8111.13775,0,,386.5,2011.500000000001,4722.2393500819435
2026-02-12T14:12:15.529Z,https://www.edgenyc.com/visit/getting-here/edge-menu/,desktop,91.5,1667.6455,0,,22.5,100.75,1256.031902301459
2026-02-12T14:12:15.529Z,https://www.edgenyc.com/events/sky-high-yoga/,mobile,42.5,22458.235484999997,0,,36.5,2441.9999999999995,4366.694775208947
2026-02-12T14:12:15.529Z,https://www.edgenyc.com/events/sky-high-yoga/,desktop,91,1656.0184999999997,0.0007807985290254794,,31,81.75000000000045,1627.724862652056
2026-02-13T14:03:33.228Z,https://www.edgenyc.com/,mobile,28.5,16104.956499999998,0.022080919132356654,,31,4186.662000000004,12339.758797479053
2026-02-13T14:03:33.228Z,https://www.edgenyc.com/,desktop,74,1933.5865000000003,0,,34,240.50000000000023,3638.5191263827137
2026-02-13T14:03:33.228Z,https://www.edgenyc.com/get-tickets/,mobile,28.5,23476.614040000004,0,,31.5,2440.722019999994,10279.082124999999
2026-02-13T14:03:33.228Z,https://www.edgenyc.com/get-tickets/,desktop,90,1775.7704999999996,0,,37.5,114.75,1368.0471555095319
2026-02-13T14:03:33.228Z,https://www.edgenyc.com/city-climb/,mobile,35,10319.659249999999,0,,47.5,2733.75,12309.762591371464
2026-02-13T14:03:33.228Z,https://www.edgenyc.com/city-climb/,desktop,72.5,2556.362,0,,29,214.4999999999991,2679.6388691892907
2026-02-13T14:03:33.228Z,https://www.edgenyc.com/marquee-skydeck/,mobile,34,17566.53915,0,,26.5,2102.8266850000055,9960.355695010894
2026-02-13T14:03:33.228Z,https://www.edgenyc.com/marquee-skydeck/,desktop,86,2029.97425,0.001087728745293757,,33,90.24999999999955,2010.9084092895982
2026-02-13T14:03:33.228Z,https://www.edgenyc.com/things-to-do/eat-drink/,mobile,53.5,4207.35,0,,27.5,2432.7437499999996,4772.053788060751
2026-02-13T14:03:33.228Z,https://www.edgenyc.com/things-to-do/eat-drink/,desktop,88.5,1902.4987500000002,0,,26.5,109.74999999999977,1428.5268443115674
2026-02-13T14:03:33.228Z,https://www.edgenyc.com/advance-saver-ticket/,mobile,48.5,4988.263500000001,0,,31.5,2328.2499999999964,4870.717059941177
2026-02-13T14:03:33.228Z,https://www.edgenyc.com/advance-saver-ticket/,desktop,87,2018.7064999999998,0,,27,82.5,1712.7005816088708
2026-02-13T14:03:33.228Z,https://www.edgenyc.com/visit/getting-here/,mobile,27,27812.654625000003,0,,55.5,2059.435625000002,17032.692750000002
2026-02-13T14:03:33.228Z,https://www.edgenyc.com/visit/getting-here/,desktop,86.5,1479.7455,0,,32,180.25,1847.972251275462
2026-02-13T14:03:33.228Z,https://www.edgenyc.com/events/marquee-skydeck/,mobile,42.5,7479.40575,0,,371.5,2320.7499999999955,5338.357450811342
2026-02-13T14:03:33.228Z,https://www.edgenyc.com/events/marquee-skydeck/,desktop,91,1647.614,0,,24,112.00000000000023,1383.3704617331764
2026-02-13T14:03:33.228Z,https://www.edgenyc.com/visit/getting-here/edge-menu/,mobile,43,8517.643999999998,0,,369.5,2285.580999999999,4698.665404687242
2026-02-13T14:03:33.228Z,https://www.edgenyc.com/visit/getting-here/edge-menu/,desktop,91.5,1666.7625,0,,28,100.75000000000068,1293.506957579473
2026-02-13T14:03:33.228Z,https://www.edgenyc.com/events/sky-high-yoga/,mobile,36,22542.178125,0,,47.5,2319.000000000003,6776.104222667128
2026-02-13T14:03:33.228Z,https://www.edgenyc.com/events/sky-high-yoga/,desktop,87,1848.9052499999998,0.0007807985290254794,,28.5,125.50000000000045,1798.7598947771578
2026-02-14T13:48:26.119Z,https://www.edgenyc.com/,mobile,30.5,18095.918625000002,0,,24,2819.0650000000005,15236.607753058952
2026-02-14T13:48:26.119Z,https://www.edgenyc.com/,desktop,69.5,2123.349,0,,23.5,288.5812500000002,3469.8998195345293
2026-02-14T13:48:26.119Z,https://www.edgenyc.com/get-tickets/,mobile,50,5034.73375,0,,24.5,2642.0000000000027,3763.691744036549
2026-02-14T13:48:26.119Z,https://www.edgenyc.com/get-tickets/,desktop,92,1697.7475,0,,24.5,66.99999999999977,1279.4835619927248
2026-02-14T13:48:26.119Z,https://www.edgenyc.com/city-climb/,mobile,32,16548.033875,0,,22,2593.985125000002,12686.063537449323
2026-02-14T13:48:26.119Z,https://www.edgenyc.com/city-climb/,desktop,84,1593.86325,0,,33.5,164.99999999999955,2648.306101466903
2026-02-14T13:48:26.119Z,https://www.edgenyc.com/marquee-skydeck/,mobile,41.5,8611.998,0,,38,2031.8170000000036,5736.238380465038
2026-02-14T13:48:26.119Z,https://www.edgenyc.com/marquee-skydeck/,desktop,84.5,2006.12675,0.0012751597933631032,,23,149.75,1917.3337571241873
2026-02-14T13:48:26.119Z,https://www.edgenyc.com/things-to-do/eat-drink/,mobile,40.5,15233.092939999999,0,,20.5,2173.499999999998,8680.221332066883
2026-02-14T13:48:26.119Z,https://www.edgenyc.com/things-to-do/eat-drink/,desktop,90.5,1728.96225,0,,19.5,114.25,1190.7631856135872
2026-02-14T13:48:26.119Z,https://www.edgenyc.com/advance-saver-ticket/,mobile,36.5,13189.524250000002,0,,24,2128.435999999997,8924.095788240818
2026-02-14T13:48:26.119Z,https://www.edgenyc.com/advance-saver-ticket/,desktop,91,1713.433,0,,21.5,87.25,1556.3376279506765
2026-02-14T13:48:26.119Z,https://www.edgenyc.com/visit/getting-here/,mobile,27,29975.242519999996,0,,23.5,2667.25,12720.113599015642
2026-02-14T13:48:26.119Z,https://www.edgenyc.com/visit/getting-here/,desktop,88,1507.5610000000001,0,,30.5,161.50000000000023,1650.3323338415566
2026-02-14T13:48:26.119Z,https://www.edgenyc.com/events/marquee-skydeck/,mobile,42.5,8077.3544999999995,0,,358,2340.5,5319.461417092979
2026-02-14T13:48:26.119Z,https://www.edgenyc.com/events/marquee-skydeck/,desktop,91.5,1650.33675,0,,20.5,114.75000000000023,1240.2729431178777
2026-02-14T13:48:26.119Z,https://www.edgenyc.com/visit/getting-here/edge-menu/,mobile,28,23588.397845,0,,28.5,1785.25,12898.974000000002
2026-02-14T13:48:26.119Z,https://www.edgenyc.com/visit/getting-here/edge-menu/,desktop,92,1677.80775,0,,20.5,103.5,1147.8416432889826
2026-02-14T13:48:26.119Z,https://www.edgenyc.com/events/sky-high-yoga/,mobile,41,22618.958499999993,0,,691,2622.8832500000008,5168.129181204906
2026-02-14T13:48:26.119Z,https://www.edgenyc.com/events/sky-high-yoga/,desktop,91.5,1410.6572499999997,0.0007807985290254794,,25,105.49999999999909,1874.8751321468155
2026-02-15T13:48:57.942Z,https://www.edgenyc.com/,mobile,26,28062.355999999992,0,,43.5,2984.5808750000024,16469.25756857396
2026-02-15T13:48:57.942Z,https://www.edgenyc.com/,desktop,70,2204.6665000000003,0,,22.5,271.24999999999955,3498.3876181535993
2026-02-15T13:48:57.942Z,https://www.edgenyc.com/get-tickets/,mobile,38,16824.8888725,0,,85,2242.256749999999,9037.351803899597
2026-02-15T13:48:57.942Z,https://www.edgenyc.com/get-tickets/,desktop,93.5,1603.9215,0,,22,52.00000000000023,1303.5856634561092
2026-02-15T13:48:57.942Z,https://www.edgenyc.com/city-climb/,mobile,35.5,12205.052750000003,0,,22.5,2701.3559999999998,11182.162248682427
2026-02-15T13:48:57.942Z,https://www.edgenyc.com/city-climb/,desktop,80.5,2145.9545,0,,20,142.42624999999884,2541.4719217278944
2026-02-15T13:48:57.942Z,https://www.edgenyc.com/marquee-skydeck/,mobile,41,8652.02975,0,,22,2041.5927500000007,5818.8496830287195
2026-02-15T13:48:57.942Z,https://www.edgenyc.com/marquee-skydeck/,desktop,86,1975.9865000000002,0.0035296084697778946,,22.5,113.99999999999977,1959.1184615713642
2026-02-15T13:48:57.942Z,https://www.edgenyc.com/things-to-do/eat-drink/,mobile,41.5,13675.177749999995,0,,112.5,2078.143874999998,8346.269934475207
2026-02-15T13:48:57.942Z,https://www.edgenyc.com/things-to-do/eat-drink/,desktop,89.5,1909.31425,0,,19.5,68.39134999999965,1406.6150418068685
2026-02-15T13:48:57.942Z,https://www.edgenyc.com/advance-saver-ticket/,mobile,49.5,4973.8135,0,,35.5,2293.749999999999,4562.770758123908
2026-02-15T13:48:57.942Z,https://www.edgenyc.com/advance-saver-ticket/,desktop,91,1675.3327,0,,20,71.5,1704.3493574174008
2026-02-15T13:48:57.942Z,https://www.edgenyc.com/visit/getting-here/,mobile,27.5,30833.062350000007,0,,41.5,1855.3798825000094,17325.31775
2026-02-15T13:48:57.942Z,https://www.edgenyc.com/visit/getting-here/,desktop,91.5,1464.68725,0,,20,101.99999999999977,1629.3539532100535
2026-02-15T13:48:57.942Z,https://www.edgenyc.com/events/marquee-skydeck/,mobile,42,8623.933,0,,354.5,2136.861750000007,5460.587989341806
2026-02-15T13:48:57.942Z,https://www.edgenyc.com/events/marquee-skydeck/,desktop,91,1753.6825000000003,0,,19,95.74999999999955,1290.0537585250677
2026-02-15T13:48:57.942Z,https://www.edgenyc.com/visit/getting-here/edge-menu/,mobile,42,9851.65175,0,,430.5,2247.250000000002,5237.218620409527
2026-02-15T13:48:57.942Z,https://www.edgenyc.com/visit/getting-here/edge-menu/,desktop,88,2104.5357750000003,0,,19,78.75000000000045,1334.5693625013605
2026-02-15T13:48:57.942Z,https://www.edgenyc.com/events/sky-high-yoga/,mobile,36,24645.389750000002,0,,77,2022.2500000000018,8337.83784076764
2026-02-15T13:48:57.942Z,https://www.edgenyc.com/events/sky-high-yoga/,desktop,88,1889.3024999999998,0.0022648675685141405,,22,97.00000000000023,1797.297428444517
2026-02-17T14:07:54.455Z,https://www.edgenyc.com/,mobile,35.5,10723.073999999999,0,,32.5,3283.250000000001,11443.07184616811
2026-02-17T14:07:54.455Z,https://www.edgenyc.com/,desktop,67,2111.22325,0,,37.5,329.4999999999991,3562.1421085510074
2026-02-17T14:07:54.455Z,https://www.edgenyc.com/get-tickets/,mobile,48.5,5142.37125,0,,33.5,2482.75,4335.519754220199
2026-02-17T14:07:54.455Z,https://www.edgenyc.com/get-tickets/,desktop,90.5,1739.8177500000004,0,,32,80,1481.9176459125517
2026-02-17T14:07:54.455Z,https://www.edgenyc.com/city-climb/,mobile,30.5,16368.0535,0,,30,2682.5666249999977,13265.14875449337
2026-02-17T14:07:54.455Z,https://www.edgenyc.com/city-climb/,desktop,77.5,2241.7595,0,,28.5,182.00000000000045,2580.16315326743
2026-02-17T14:07:54.455Z,https://www.edgenyc.com/marquee-skydeck/,mobile,34,18626.532089999997,0,,31,2195.4999999999927,9172.326379587475
2026-02-17T14:07:54.455Z,https://www.edgenyc.com/marquee-skydeck/,desktop,84,2128.1939999999995,0.0012751597933631032,,28.5,150.50000000000023,1724.8646225256603
2026-02-17T14:07:54.455Z,https://www.edgenyc.com/things-to-do/eat-drink/,mobile,53.5,4210.849249999999,0,,27.5,2439.500000000002,4662.798438032061
2026-02-17T14:07:54.455Z,https://www.edgenyc.com/things-to-do/eat-drink/,desktop,89.5,1885.3642499999999,0,,96.5,99.74999999999994,1311.6518713703474
2026-02-17T14:07:54.455Z,https://www.edgenyc.com/advance-saver-ticket/,mobile,45.5,5300.7,0,,389,2280.029050000001,5812.580774787883
2026-02-17T14:07:54.455Z,https://www.edgenyc.com/advance-saver-ticket/,desktop,88.5,1817.416,0,,31.5,114.75000000000023,1594.2990688424684
2026-02-17T14:07:54.455Z,https://www.edgenyc.com/visit/getting-here/,mobile,27,29229.988949999995,0,,47.5,2526.1341249999996,10334.336602831801
2026-02-17T14:07:54.455Z,https://www.edgenyc.com/visit/getting-here/,desktop,88,1661.73875,0,,32,115.5,1959.4451420874943
2026-02-17T14:07:54.455Z,https://www.edgenyc.com/events/marquee-skydeck/,mobile,43.5,7340.472750000001,0,,49,2414.788874999997,4834.27226792032
2026-02-17T14:07:54.455Z,https://www.edgenyc.com/events/marquee-skydeck/,desktop,90.5,1789.1605,0,,29.5,101.5,1334.6200916730272
2026-02-17T14:07:54.455Z,https://www.edgenyc.com/visit/getting-here/edge-menu/,mobile,36,14762.249385000001,0,,24.5,1999.7499999999982,8682.046454173626
2026-02-17T14:07:54.455Z,https://www.edgenyc.com/visit/getting-here/edge-menu/,desktop,91,1867.32875,0,,26,80,1178.8193163843334
2026-02-17T14:07:54.455Z,https://www.edgenyc.com/events/sky-high-yoga/,mobile,35,24446.649549999995,0,,28.5,2170.7499999999986,8747.261376203554
2026-02-17T14:07:54.455Z,https://www.edgenyc.com/events/sky-high-yoga/,desktop,89,1680.0657499999998,0.0005933674809561335,,31,114,1745.4686399117727
2026-02-18T14:08:23.432Z,https://www.edgenyc.com/,mobile,26.5,25008.129499999992,0,,61,3237.75,16651.20770040057
2026-02-18T14:08:23.432Z,https://www.edgenyc.com/,desktop,66,2617.8909999999996,0,,21.5,279.5,3552.011250924692
2026-02-18T14:08:23.432Z,https://www.edgenyc.com/get-tickets/,mobile,36.5,16087.556604999996,0,,267,2404.8122499999945,9533.517530213634
2026-02-18T14:08:23.432Z,https://www.edgenyc.com/get-tickets/,desktop,91,1591.21375,0,,19,89.49999999999955,1586.0014490176109
2026-02-18T14:08:23.432Z,https://www.edgenyc.com/city-climb/,mobile,35,15516.618999999999,0,,509.5,2581.458875000005,13569.440511958634
2026-02-18T14:08:23.432Z,https://www.edgenyc.com/city-climb/,desktop,72.5,2891.156249999999,0,,117.5,169.1852499999991,2964.4136262323395
2026-02-18T14:08:23.432Z,https://www.edgenyc.com/marquee-skydeck/,mobile,34,19821.82145,0,,244.5,2161,9700.828204620982
2026-02-18T14:08:23.432Z,https://www.edgenyc.com/marquee-skydeck/,desktop,85,2102.6590000000006,0.0012751597933631032,,20,112.75,1861.4242851449153
2026-02-18T14:08:23.432Z,https://www.edgenyc.com/things-to-do/eat-drink/,mobile,39,15458.234204999997,0,,247,2238.224102500001,9500.826803302622
2026-02-18T14:08:23.432Z,https://www.edgenyc.com/things-to-do/eat-drink/,desktop,79.5,2774.687,0,,14.5,151.25000000000023,1580.8862806968982
2026-02-18T14:08:23.432Z,https://www.edgenyc.com/advance-saver-ticket/,mobile,47,5008.735,0,,509.5,2278.9999999999973,6137.094589985598
2026-02-18T14:08:23.432Z,https://www.edgenyc.com/advance-saver-ticket/,desktop,90.5,1539.5375,0,,21.5,114.75,1853.7872533720474
2026-02-18T14:08:23.432Z,https://www.edgenyc.com/visit/getting-here/,mobile,29.5,17040.53897,0,,517,2592.7500000000027,8715.168936155314
2026-02-18T14:08:23.432Z,https://www.edgenyc.com/visit/getting-here/,desktop,89,1594.107,0,,21,113.49999999999955,1910.77861451656
2026-02-18T14:08:23.432Z,https://www.edgenyc.com/events/marquee-skydeck/,mobile,41,12980.652749999997,0,,641.5,2470.000000000001,5545.940589156605
2026-02-18T14:08:23.432Z,https://www.edgenyc.com/events/marquee-skydeck/,desktop,83,2681.9165000000003,0,,16.5,105,1391.5831856996895
2026-02-18T14:08:23.432Z,https://www.edgenyc.com/visit/getting-here/edge-menu/,mobile,33.5,17909.579830000002,0,,266,2349.9182274999985,9267.568858428665
2026-02-18T14:08:23.432Z,https://www.edgenyc.com/visit/getting-here/edge-menu/,desktop,84,2509.2304999999997,0,,19,104.99999999999955,1482.532985305803
2026-02-18T14:08:23.432Z,https://www.edgenyc.com/events/sky-high-yoga/,mobile,34.5,25355.72642,0,,279.5,2288.749999999999,9322.519951458653
2026-02-18T14:08:23.432Z,https://www.edgenyc.com/events/sky-high-yoga/,desktop,81.5,2441.3115,0.0007807985290254794,,17,133.49999999999932,1866.323309955169
2026-02-19T14:10:20.361Z,https://www.edgenyc.com/en/buy-tickets,mobile,30.5,17401.237745,0,,84.5,6326.9304975,10460.302252834466
2026-02-19T14:10:20.361Z,https://www.edgenyc.com/en/buy-tickets,desktop,86.5,1739.67175,0,,35,150.25,1835.1671513215617
2026-02-19T14:10:20.361Z,https://www.edgenyc.com/en/sky-skate,mobile,33,15938.933899999995,0.10971920588074628,,717.5,2358.2500000000036,10364.85039734278
2026-02-19T14:10:20.361Z,https://www.edgenyc.com/en/sky-skate,desktop,88.5,1148.9350000000002,0.13043599041196713,,38,141.00000000000045,1520.5357470009321
2026-02-20T14:02:02.025Z,https://www.edgenyc.com/en/buy-tickets,mobile,36,16924.825085000004,0,,30,3385.4999999999964,9104.14647390477
2026-02-20T14:02:02.025Z,https://www.edgenyc.com/en/buy-tickets,desktop,91.5,1665.6085,0,,32,91.75,1453.6887222137445
2026-02-20T14:02:02.025Z,https://www.edgenyc.com/en/sky-skate,mobile,28,19312.56425,0.04860267314702309,,26.5,1751.6127499999993,12538.145
2026-02-20T14:02:02.025Z,https://www.edgenyc.com/en/sky-skate,desktop,89,1235.4805,0.13043599041196713,,24.5,120.49999999999955,1448.7681300561567
2026-02-21T13:45:08.413Z,https://www.edgenyc.com/en/buy-tickets,mobile,26.5,26351.175624999996,0,,43,2655.7959999999994,13565.763750000002
2026-02-21T13:45:08.413Z,https://www.edgenyc.com/en/buy-tickets,desktop,97.5,984.1840000000001,0,,24.5,60.08043249999946,1275.0218035258572
2026-02-21T13:45:08.413Z,https://www.edgenyc.com/en/sky-skate,mobile,36,15794.053625000004,0.10971920588074628,,62,2030,9616.613541628278
2026-02-21T13:45:08.413Z,https://www.edgenyc.com/en/sky-skate,desktop,82,975.2742499999999,0.27070538438758274,,20,119.49999999999955,1364.3509236903715
2026-02-22T13:46:22.265Z,https://www.edgenyc.com/en/buy-tickets,mobile,36.5,17308.05564999999,0,,27.5,3509.3369999999954,9435.139425759047
2026-02-22T13:46:22.265Z,https://www.edgenyc.com/en/buy-tickets,desktop,95.5,1095.5549999999998,0,,27.5,125.25000000000045,1241.9504750909894
2026-02-22T13:46:22.265Z,https://www.edgenyc.com/en/sky-skate,mobile,27,23791.734365000004,0.024301336573511544,,21,2080.5218799999966,13325.947750000001
2026-02-22T13:46:22.265Z,https://www.edgenyc.com/en/sky-skate,desktop,90,989.923,0.13585945542909994,,20.5,121.25000000000023,1556.071897420612
2026-02-23T14:09:23.165Z,https://www.edgenyc.com/en/buy-tickets,mobile,27.5,21948.42675,0,,37,1906.0786249999937,12543.732774505617
2026-02-23T14:09:23.165Z,https://www.edgenyc.com/en/buy-tickets,desktop,96.5,1019.0487749999995,0,,32.5,62.99999999999909,1486.2051024134248
2026-02-23T14:09:23.165Z,https://www.edgenyc.com/en/sky-skate,mobile,35.5,15728.440150000002,0.10971920588074628,,45.5,1816.492250000002,7110.518528647199
2026-02-23T14:09:23.165Z,https://www.edgenyc.com/en/sky-skate,desktop,87.5,1244.7912000000001,0.13585945542909994,,505,74.99999999999955,2031.223945227005
2026-02-24T14:12:23.588Z,https://www.edgenyc.com/en/buy-tickets,mobile,27,23781.77075,0,,39.5,2451.999999999998,13175.4235
2026-02-24T14:12:23.588Z,https://www.edgenyc.com/en/buy-tickets,desktop,94,1120.1287499999999,0,,37,141.74999999999932,1240.3100217193155
2026-02-24T14:12:23.588Z,https://www.edgenyc.com/en/sky-skate,mobile,28,19528.869,0.04860267314702309,,25,1846.4999999999964,12205.932774505618
2026-02-24T14:12:23.588Z,https://www.edgenyc.com/en/sky-skate,desktop,89.5,1212.8829999999998,0.12394065213800105,,42.5,124.25000000000023,1503.362449400051
2026-02-25T14:10:49.593Z,https://www.edgenyc.com/en/buy-tickets,mobile,28,21320.562000000005,0,,31,2522.392500000001,10447.112645173045
2026-02-25T14:10:49.593Z,https://www.edgenyc.com/en/buy-tickets,desktop,96,1123.00025,0,,36.5,99.75000000000045,1253.8793066257335
2026-02-25T14:10:49.593Z,https://www.edgenyc.com/en/sky-skate,mobile,40,4447.505999999999,0.21943841176149256,,150.5,2330.582999999996,5356.409732422044
2026-02-25T14:10:49.593Z,https://www.edgenyc.com/en/sky-skate,desktop,90,1285.6304999999998,0.12394065213800105,,29.5,102.25,1445.7289713340394
2026-02-26T14:11:16.481Z,https://www.edgenyc.com/en/buy-tickets,mobile,27,22028.320499999998,0,,29,2402.7499999999936,12861.1145
2026-02-26T14:11:16.481Z,https://www.edgenyc.com/en/buy-tickets,desktop,96,1158.3654999999999,0,,28,106.25,1145.414389452767
2026-02-26T14:11:16.481Z,https://www.edgenyc.com/en/sky-skate,mobile,28,21997.48487499999,0.024301336573511544,,60.5,1832.9999999999982,13191.13275
2026-02-26T14:11:16.481Z,https://www.edgenyc.com/en/sky-skate,desktop,89,1298.6454999999999,0.12394065213800105,,27,124.74999999999977,1472.8454527767085
2026-02-27T14:01:22.234Z,https://www.edgenyc.com/en/buy-tickets,mobile,32,24447.107500000002,0,,189,3376.93076225281,7827.629097021614
2026-02-27T14:01:22.234Z,https://www.edgenyc.com/en/buy-tickets,desktop,85.5,1178.5210000000002,0.003281279222484896,,33.5,206.2499999999991,2308.2729398535585
2026-02-27T14:01:22.234Z,https://www.edgenyc.com/en/sky-skate,mobile,32.5,15213.881344999996,0.10971920588074628,,642,2243.750000000002,8174.558198098969
2026-02-27T14:01:22.234Z,https://www.edgenyc.com/en/sky-skate,desktop,86.5,1280.3499999999997,0.12394065213800105,,30,152.75000000000068,1724.5343700126648
2026-02-28T13:38:57.931Z,https://www.edgenyc.com/en/buy-tickets,mobile,28,25813.784264999995,0,,45.5,5137.137999999999,10819.94018411265
2026-02-28T13:38:57.931Z,https://www.edgenyc.com/en/buy-tickets,desktop,89.5,1201.9917499999997,0.003281279222484896,,28,114,2660.2574391781354
2026-02-28T13:38:57.931Z,https://www.edgenyc.com/en/sky-skate,mobile,27.5,26489.782064999992,0,,53.5,2005.7500000000018,13327.12225
2026-02-28T13:38:57.931Z,https://www.edgenyc.com/en/sky-skate,desktop,90,1209.0104999999999,0.12394065213800105,,23,71.75000000000023,1749.6786430619827
2026-03-01T13:41:08.340Z,https://www.edgenyc.com/en/buy-tickets,mobile,28,26440.372424999994,0,,184,3497.8960000000025,10915.656606093147
2026-03-01T13:41:08.340Z,https://www.edgenyc.com/en/buy-tickets,desktop,89.5,1200.7385,0.001178092986603625,,17.5,102.49999999999955,2975.216002326687
2026-03-01T13:41:08.340Z,https://www.edgenyc.com/en/sky-skate,mobile,37,5312.999999999999,0.21943988635715844,,564,2378.921375000009,6116.2095181518325
2026-03-01T13:41:08.340Z,https://www.edgenyc.com/en/sky-skate,desktop,88,1080.8390000000002,0.12394065213800105,,15,146.25,1758.417544692124
2026-03-02T14:02:08.459Z,https://www.edgenyc.com/en/buy-tickets,mobile,31,22901.625500000002,0,,59.5,3849.6202499999954,9364.869314970676
2026-03-02T14:02:08.459Z,https://www.edgenyc.com/en/buy-tickets,desktop,91,1061.9607500000002,0.003281279222484896,,27.5,147.24999999999932,2052.51683046727
2026-03-02T14:02:08.459Z,https://www.edgenyc.com/en/sky-skate,mobile,27.5,27262.512109999992,0,,37,2255.500000000002,13240.18375
2026-03-02T14:02:08.459Z,https://www.edgenyc.com/en/sky-skate,desktop,88.5,1185.3110000000001,0.12394065213800105,,18,154.5,1317.543208145155
2026-03-03T14:01:25.740Z,https://www.edgenyc.com/en/buy-tickets,mobile,36.5,15639.762375000002,0,,34,3721.7500000000045,9397.40483982191
2026-03-03T14:01:25.740Z,https://www.edgenyc.com/en/buy-tickets,desktop,95,1203.75675,0,,29,116.50000000000045,1250.552099379367
2026-03-03T14:01:25.740Z,https://www.edgenyc.com/en/sky-skate,mobile,27,26796.25284,0,,41,2097.999999999998,13050.767
2026-03-03T14:01:25.740Z,https://www.edgenyc.com/en/sky-skate,desktop,87.5,1309.3805,0.12683873614308316,,27,137.5,1398.4197007344083
2026-03-04T13:59:41.819Z,https://www.edgenyc.com/en/buy-tickets,mobile,28,18056.438250000003,0,,57.5,3787.600499999996,7635.688727619788
2026-03-04T13:59:41.819Z,https://www.edgenyc.com/en/buy-tickets,desktop,93.5,1112.5195,0,,19.5,130.50000000000068,1574.0401646630135
2026-03-04T13:59:41.819Z,https://www.edgenyc.com/en/sky-skate,mobile,33.5,15566.893764999997,0.10972068047641215,,180.5,2125.7500000000027,7080.57462556125
2026-03-04T13:59:41.819Z,https://www.edgenyc.com/en/sky-skate,desktop,85,887.6900000000002,0.1839485345955092,,18,167.49999999999977,1514.699907727765
2026-03-05T14:02:33.025Z,https://www.edgenyc.com/en/buy-tickets,mobile,37,15987.040500000003,0,,52.5,3485.3054999999995,10174.146954902742
2026-03-05T14:02:33.025Z,https://www.edgenyc.com/en/buy-tickets,desktop,94.5,1105.86025,0,,28.5,124.49999999999943,1411.2343955128931
2026-03-05T14:02:33.025Z,https://www.edgenyc.com/en/sky-skate,mobile,34,14417.843499999999,0.10971920588074628,,199.5,2243.499999999999,10045.912903475146
2026-03-05T14:02:33.025Z,https://www.edgenyc.com/en/sky-skate,desktop,89.5,1094.0699999999997,0.12683658270254758,,23,134.99999999999955,1542.9219661123389
2026-03-06T13:57:13.122Z,https://www.edgenyc.com/en/buy-tickets,mobile,35.5,17444.902449999998,0,,35.5,5843.007375000005,10184.439760537643
2026-03-06T13:57:13.122Z,https://www.edgenyc.com/en/buy-tickets,desktop,95,1173.48175,0,,37,101.5,1502.4517573233443
2026-03-06T13:57:13.122Z,https://www.edgenyc.com/en/sky-skate,mobile,28.5,18064.244155,0.11077946345702532,,632.5,2192.7500000000027,11156.26872102652
2026-03-06T13:57:13.122Z,https://www.edgenyc.com/en/sky-skate,desktop,89.5,1008.4524999999999,0.12876891001599572,,31.5,136.5,1461.7163907302624
2026-03-07T13:40:54.708Z,https://www.edgenyc.com/en/buy-tickets,mobile,31,27286.974124999997,0,,43,11943.682499999992,10507.134356953895
2026-03-07T13:40:54.708Z,https://www.edgenyc.com/en/buy-tickets,desktop,93.5,1018.1075,0.001178092986603625,,17.5,100.44987500000047,2061.18837375613
2026-03-07T13:40:54.708Z,https://www.edgenyc.com/en/sky-skate,mobile,48.5,4036.8910000000005,0.11737574734407583,,37,2603.749999999998,4859.495817029971
2026-03-07T13:40:54.708Z,https://www.edgenyc.com/en/sky-skate,desktop,88,890.613,0.18392004626974617,,18,91.25000000000023,1477.1667668811801
2026-03-08T13:42:15.273Z,https://www.edgenyc.com/en/buy-tickets,mobile,38.5,16003.51183,0,,32.5,2814.000000000002,9496.61172730509
2026-03-08T13:42:15.273Z,https://www.edgenyc.com/en/buy-tickets,desktop,95.5,1169.5814999999998,0,,18.5,98.74837499999853,1277.1423077682011
2026-03-08T13:42:15.273Z,https://www.edgenyc.com/en/sky-skate,mobile,34,17180.927500000005,0.10971920588074628,,63.5,2421.25,9279.405974219986
2026-03-08T13:42:15.273Z,https://www.edgenyc.com/en/sky-skate,desktop,91,1024.888,0.12875466585311424,,19.5,122,1294.3302748162246
2026-03-09T14:08:20.176Z,https://www.edgenyc.com/en/buy-tickets,mobile,30,13515.007499999996,0,,25.5,7275.250000000005,7281.208980803109
2026-03-09T14:08:20.176Z,https://www.edgenyc.com/en/buy-tickets,desktop,97,1101.2712500000002,0,,27.5,84.74999999999966,1218.0755025112628
2026-03-09T14:08:20.176Z,https://www.edgenyc.com/en/sky-skate,mobile,35,16586.83077,0.10971920588074628,,47.5,2250.2610724999968,9489.403167655453
2026-03-09T14:08:20.176Z,https://www.edgenyc.com/en/sky-skate,desktop,89.5,967.8165000000001,0.12875466585311424,,27,147.5000000000001,1394.640596792213
2026-03-10T14:02:53.520Z,https://www.edgenyc.com/en/buy-tickets,mobile,26.5,26030.941834999994,0,,46.5,2746.500000000002,13950.055774505618
2026-03-10T14:02:53.520Z,https://www.edgenyc.com/en/buy-tickets,desktop,95,1149.786,0,,31.5,82.25000000000023,1440.659557122429
2026-03-10T14:02:53.520Z,https://www.edgenyc.com/en/sky-skate,mobile,33.5,17010.1417,0.10971920588074628,,86,2360.9999999999973,10295.406803118638
2026-03-10T14:02:53.520Z,https://www.edgenyc.com/en/sky-skate,desktop,89.5,1052.9295000000002,0.12683658270254758,,30,145.75000000000023,1528.872483798084
2026-03-11T14:07:01.532Z,https://www.edgenyc.com/en/buy-tickets,mobile,34,11350.025999999998,0,,43,6241.727999999996,6703.238272371076
2026-03-11T14:07:01.532Z,https://www.edgenyc.com/en/buy-tickets,desktop,96,1134.9049999999997,0,,31,100.74999999999977,1291.941518060842
2026-03-11T14:07:01.532Z,https://www.edgenyc.com/en/sky-skate,mobile,27.5,29071.901544999993,0,,41.5,1991.999999999999,14624.387000000002
2026-03-11T14:07:01.532Z,https://www.edgenyc.com/en/sky-skate,desktop,91,1058.1530000000002,0.13071548149232537,,27,117.74999999999943,1298.001288686528
2026-03-12T14:04:45.902Z,https://www.edgenyc.com/en/buy-tickets,mobile,38,14571.958875,0,,23,2740.4374999999964,9550.058767157996
2026-03-12T14:04:45.902Z,https://www.edgenyc.com/en/buy-tickets,desktop,95,1249.11975,0,,27.5,113.25,1192.9081550586652
2026-03-12T14:04:45.902Z,https://www.edgenyc.com/en/sky-skate,mobile,34.5,9721.351,0.10971920588074628,,22,2217.500000000001,6360.797266837812
2026-03-12T14:04:45.902Z,https://www.edgenyc.com/en/sky-skate,desktop,91.5,1028.1895,0.13072972565520685,,17.5,107.5,1272.7620166949864
2026-03-13T14:01:45.744Z,https://www.edgenyc.com/en/buy-tickets,mobile,27,29004.5682,0,,38.5,2193.749999999998,14044.52375
2026-03-13T14:01:45.744Z,https://www.edgenyc.com/en/buy-tickets,desktop,94.5,1186.17275,0,,35,120.49999999999955,1309.8921746313881
2026-03-13T14:01:45.744Z,https://www.edgenyc.com/en/sky-skate,mobile,27,28513.20678999999,0,,23.5,2142.5,14185.139
2026-03-13T14:01:45.744Z,https://www.edgenyc.com/en/sky-skate,desktop,91.5,1034.7445,0.12876891001599572,,29.5,109,1389.635949216221
2026-03-14T13:49:17.821Z,https://www.edgenyc.com/en/buy-tickets,mobile,35,16541.346124999993,0,,160.5,4452.019999999994,10279.180241182414
2026-03-14T13:49:17.821Z,https://www.edgenyc.com/en/buy-tickets,desktop,95,1187.1587499999998,0,,37.5,103.50000000000023,1444.444961292672
2026-03-14T13:49:17.821Z,https://www.edgenyc.com/en/sky-skate,mobile,33.5,16984.003559752804,0.10971920588074628,,175,2403.1631249999964,10771.553233336861
2026-03-14T13:49:17.821Z,https://www.edgenyc.com/en/sky-skate,desktop,89.5,1105.2089999999998,0.13071548149232537,,32.5,126.50000000000023,1554.761697013672
2026-03-15T13:50:28.925Z,https://www.edgenyc.com/en/buy-tickets,mobile,27,26725.881425000003,0,,26.5,2233.0274999999924,14764.94025
2026-03-15T13:50:28.925Z,https://www.edgenyc.com/en/buy-tickets,desktop,94.5,1114.187,0,,26.5,131.74999999999886,1230.5517924110682
2026-03-15T13:50:28.925Z,https://www.edgenyc.com/en/sky-skate,mobile,27.5,24161.712505,0.024301336573511544,,22,2031.2500000000018,13353.12725
2026-03-15T13:50:28.925Z,https://www.edgenyc.com/en/sky-skate,desktop,91.5,996.5459999999999,0.12876891001599572,,21.5,114.99999999999955,1289.0306641432799
2026-03-16T14:21:52.876Z,https://www.edgenyc.com/en/buy-tickets,mobile,26.5,26921.487115000004,0,,51,2550.327124999999,14337.235399505613
2026-03-16T14:21:52.876Z,https://www.edgenyc.com/en/buy-tickets,desktop,95.5,1135.8652499999998,0,,32.5,95.24999999999977,1365.0208232919185
2026-03-16T14:21:52.876Z,https://www.edgenyc.com/en/sky-skate,mobile,34,16926.914750000007,0.10971920588074628,,47,2093.7499999999964,10643.792313833355
2026-03-16T14:21:52.876Z,https://www.edgenyc.com/en/sky-skate,desktop,90.5,1051.4679999999998,0.1287831541788772,,28,114.50000000000068,1509.73627289251
2026-03-17T14:19:23.881Z,https://www.edgenyc.com/en/buy-tickets,mobile,37,17396.44851,0,,35,3910.984692499998,9612.653567105477
2026-03-17T14:19:23.881Z,https://www.edgenyc.com/en/buy-tickets,desktop,95.5,1185.28525,0,,40.5,114.24999999999955,1193.9518096207448
2026-03-17T14:19:23.881Z,https://www.edgenyc.com/en/sky-skate,mobile,27.5,24418.767847252806,0.024301336573511544,,42.5,1965.7500000000036,13534.638524505614
2026-03-17T14:19:23.881Z,https://www.edgenyc.com/en/sky-skate,desktop,91,1061.9015,0.13070123732944386,,29.5,107.00000000000045,1296.181641232009
2026-03-18T14:22:38.653Z,https://www.edgenyc.com/en/buy-tickets,mobile,39,13453.614750000004,0,,46,2476.291750000005,9155.491460329404
2026-03-18T14:22:38.653Z,https://www.edgenyc.com/en/buy-tickets,desktop,95,1162.9482500000004,0,,29.5,130.50000000000045,1134.5730595071686
2026-03-18T14:22:38.653Z,https://www.edgenyc.com/en/sky-skate,mobile,33.5,16268.524872252805,0.10971920588074628,,36,2365.015375000005,9365.63509127223
2026-03-18T14:22:38.653Z,https://www.edgenyc.com/en/sky-skate,desktop,91.5,1033.238,0.13070123732944386,,26,102.75,1317.1054499156476
2026-03-19T14:08:58.109Z,https://www.edgenyc.com/en/buy-tickets,mobile,26.5,25986.544855000004,0,,56.5,2567.000000000002,13391.918497179762
2026-03-19T14:08:58.109Z,https://www.edgenyc.com/en/buy-tickets,desktop,86,1555.21625,0,,33,125.1071127471912,1746.953475725071
2026-03-19T14:08:58.109Z,https://www.edgenyc.com/en/sky-skate,mobile,34,16476.509459505618,0.10971920588074628,,36,2458.0000000000036,9620.953478371628
2026-03-19T14:08:58.109Z,https://www.edgenyc.com/en/sky-skate,desktop,86.5,1040.5955,0.15635176196388806,,30.5,122.75,1857.8475749062145
2026-03-20T14:02:29.244Z,https://www.edgenyc.com/en/buy-tickets,mobile,26.5,27332.12825,0,,38.5,2765.000000000001,15030.791125
2026-03-20T14:02:29.244Z,https://www.edgenyc.com/en/buy-tickets,desktop,95,1182.4177499999998,0,,37,116.5,1301.5264626659537
2026-03-20T14:02:29.244Z,https://www.edgenyc.com/en/sky-skate,mobile,28,24929.564949999996,0.024301336573511544,,48.5,2306.2500000000036,11098.36252651433
2026-03-20T14:02:29.244Z,https://www.edgenyc.com/en/sky-skate,desktop,91,1054.857,0.13071548149232537,,29,119.74999999999886,1336.9492178461032
2026-03-21T13:45:03.583Z,https://www.edgenyc.com/en/buy-tickets,mobile,26.5,25072.489129999998,0,,24,2708.3782499999998,13877.5765
2026-03-21T13:45:03.583Z,https://www.edgenyc.com/en/buy-tickets,desktop,95.5,1101.844,0,,25.5,123.00000000000091,1175.7098544179837
2026-03-21T13:45:03.583Z,https://www.edgenyc.com/en/sky-skate,mobile,27.5,28352.29183,0,,40,2050.7500000000027,14481.956750000003
2026-03-21T13:45:03.583Z,https://www.edgenyc.com/en/sky-skate,desktop,90,1028.0475000000001,0.13070123732944386,,18.5,140.75,1355.618400007273
2026-03-22T13:46:49.243Z,https://www.edgenyc.com/en/buy-tickets,mobile,27.5,20167.20325,0,,22,3164.75,9084.209125332553
2026-03-22T13:46:49.243Z,https://www.edgenyc.com/en/buy-tickets,desktop,95,1159.1167500000001,0,,20.5,128.24999999999932,1193.4126074651767
2026-03-22T13:46:49.243Z,https://www.edgenyc.com/en/sky-skate,mobile,33,16222.253874999997,0.10971920588074628,,31.5,2256.0522500000034,9758.82149223274
2026-03-22T13:46:49.243Z,https://www.edgenyc.com/en/sky-skate,desktop,90.5,1068.3334999999997,0.13071548149232537,,19.5,134.49999999999955,1263.127869877375
2026-03-23T14:16:53.384Z,https://www.edgenyc.com/en/buy-tickets,mobile,26.5,25928.16975,0,,25,2690.2022254943795,14055.681024505615
2026-03-23T14:16:53.384Z,https://www.edgenyc.com/en/buy-tickets,desktop,93.5,1259.3367499999997,0,,26,134.59447999999907,1265.7523988444968
2026-03-23T14:16:53.384Z,https://www.edgenyc.com/en/sky-skate,mobile,33.5,17083.586255000006,0.10971920588074628,,37,2330.168999999994,10080.58797410543
2026-03-23T14:16:53.384Z,https://www.edgenyc.com/en/sky-skate,desktop,88.5,1077.683,0.13071548149232537,,24,165.2499999999999,1297.0500125457831
2026-03-24T14:20:15.204Z,https://www.edgenyc.com/en/buy-tickets,mobile,29.5,21086.361105000004,0,,41.5,3013.499999999999,11701.050386489482
2026-03-24T14:20:15.204Z,https://www.edgenyc.com/en/buy-tickets,desktop,95,1201.8005,0,,34.5,105.22888725280495,1363.418040265035
2026-03-24T14:20:15.204Z,https://www.edgenyc.com/en/sky-skate,mobile,34,15982.522525000002,0.10971920588074628,,41,2408.500000000001,10203.059244174114
2026-03-24T14:20:15.204Z,https://www.edgenyc.com/en/sky-skate,desktop,84.5,1076.823,0.15942785547566884,,227,127.99999999999977,2443.2322199679834
2026-03-25T14:19:44.668Z,https://www.edgenyc.com/en/buy-tickets,mobile,27,26975.450657252804,0,,37,2314.2617500000006,14298.274999999998
2026-03-25T14:19:44.668Z,https://www.edgenyc.com/en/buy-tickets,desktop,92.5,1221.763,0,,43.5,131.75000000000045,1654.9951849057588
2026-03-25T14:19:44.668Z,https://www.edgenyc.com/en/sky-skate,mobile,34,17049.69259,0.109719,,44,2158.750000000001,9852.258408483827
2026-03-25T14:19:44.668Z,https://www.edgenyc.com/en/sky-skate,desktop,80.5,1331.06875,0.15942800000000001,,28,132.99999999999977,2116.042943992764
2026-03-26T14:26:07.383Z,https://www.edgenyc.com/en/buy-tickets,mobile,28,24768.435354999994,0,,36,2398.750000000002,10955.898000000001
2026-03-26T14:26:07.383Z,https://www.edgenyc.com/en/buy-tickets,desktop,95,1148.9904999999999,0,,42,127.24999999999955,1188.9648713582155
2026-03-26T14:26:07.383Z,https://www.edgenyc.com/en/sky-skate,mobile,27.5,29298.61652,0,,45.5,2025,15048.408749999999
2026-03-26T14:26:07.383Z,https://www.edgenyc.com/en/sky-skate,desktop,90,1068.7735,0.143492,,30.5,116.74999999999989,1327.897942524322
2026-03-27T14:13:30.093Z,https://www.edgenyc.com/en/buy-tickets,mobile,37,16907.91275,0,,43.5,3523.2082500000024,10282.707242113342
2026-03-27T14:13:30.093Z,https://www.edgenyc.com/en/buy-tickets,desktop,86,1179.7780000000002,0,,50,267.2500000000009,1350.4859040526617
2026-03-27T14:13:30.093Z,https://www.edgenyc.com/en/sky-skate,mobile,34.5,16454.68727,0.109719,,51,2579.499999999999,9428.297091081302
2026-03-27T14:13:30.093Z,https://www.edgenyc.com/en/sky-skate,desktop,87,1069.7534999999998,0.14345449999999998,,35.5,175.00000000000023,1337.5037678372846
2026-03-28T13:53:01.558Z,https://www.edgenyc.com/en/buy-tickets,mobile,26,26263.10075,0,,51.5,2877.1337500000054,15531.208125000001
2026-03-28T13:53:01.558Z,https://www.edgenyc.com/en/buy-tickets,desktop,90,1093.6272499999998,0,,32,214.75,1279.1905433133056
2026-03-28T13:53:01.558Z,https://www.edgenyc.com/en/sky-skate,mobile,43,3968.665,0.219438,,191.5,2443.25,5261.729462503987
2026-03-28T13:53:01.558Z,https://www.edgenyc.com/en/sky-skate,desktop,89,925.0724999999999,0.141546,,27,133.24999999999955,1571.6149065251802
2026-03-29T13:54:50.483Z,https://www.edgenyc.com/en/buy-tickets,mobile,41.5,15066.091249999998,0,,54.5,3805.7499999999945,6130.106375003535
2026-03-29T13:54:50.483Z,https://www.edgenyc.com/en/buy-tickets,desktop,88.5,1031.0932500000001,0,,23.5,250.7500000000009,1322.0216747587292
2026-03-29T13:54:50.483Z,https://www.edgenyc.com/en/sky-skate,mobile,35.5,16009.895894999998,0.1097205,,206.5,2372.2543825000075,8566.01446229473
2026-03-29T13:54:50.483Z,https://www.edgenyc.com/en/sky-skate,desktop,80.5,1607.8314999999998,0.1986195,,19,134.99999999999955,1457.795454705235
2026-03-30T14:27:36.654Z,https://www.edgenyc.com/en/buy-tickets,mobile,26,27647.573375,0,,44,2952.503862747191,15108.804250000001
2026-03-30T14:27:36.654Z,https://www.edgenyc.com/en/buy-tickets,desktop,84.5,1270.495,0,,22,285.2499999999993,1279.9507458463615
2026-03-30T14:27:36.654Z,https://www.edgenyc.com/en/sky-skate,mobile,35.5,16280.353117500003,0.109719,,40.5,2272.678587499998,9364.776073790052
2026-03-30T14:27:36.654Z,https://www.edgenyc.com/en/sky-skate,desktop,89.5,1028.4824999999998,0.139525,,28.5,139.99999999999977,1294.8862335776885
2026-03-31T14:27:28.430Z,https://www.edgenyc.com/en/buy-tickets,mobile,26,23293.1575,0,,47.5,3750.0000000000036,11845.017500000002
2026-03-31T14:27:28.430Z,https://www.edgenyc.com/en/buy-tickets,desktop,87,1116.77675,0,,39,257.75000000000136,1372.2440214584065
2026-03-31T14:27:28.430Z,https://www.edgenyc.com/en/sky-skate,mobile,27.5,24137.876855000002,0.0243015,,44.5,2123.499999999999,11924.413624999997
2026-03-31T14:27:28.430Z,https://www.edgenyc.com/en/sky-skate,desktop,83,1752.53325,0.136657,,26,143.5000000000001,1488.2794127278548
2026-04-01T14:42:45.076Z,https://www.edgenyc.com/en/buy-tickets,mobile,38,14215.3725,0,,165,3444.61949999999,9706.897233365304
2026-04-01T14:42:45.076Z,https://www.edgenyc.com/en/buy-tickets,desktop,86,1043.00975,0,,20.5,282.25,1230.7022525609345
2026-04-01T14:42:45.076Z,https://www.edgenyc.com/en/sky-skate,mobile,37.5,4877.943499999999,0.219441,,604.5,2534.5000000000027,6201.995000859915
2026-04-01T14:42:45.076Z,https://www.edgenyc.com/en/sky-skate,desktop,86,885.2978499999999,0.19177,,16,138.99999999999955,1558.7450876791913
2026-04-02T14:22:32.591Z,https://www.edgenyc.com/en/buy-tickets,mobile,32.5,23120.763999999996,0,,28,3037.749999999999,10232.974595289863
2026-04-02T14:22:32.591Z,https://www.edgenyc.com/en/buy-tickets,desktop,86,1322.889,0.000265,,24,245.82675000000017,1378.8912747913741
2026-04-02T14:22:32.591Z,https://www.edgenyc.com/en/sky-skate,mobile,27.5,27319.81192,0,,38,1889,14589.041999999998
2026-04-02T14:22:32.591Z,https://www.edgenyc.com/en/sky-skate,desktop,72.5,5803.303999999999,0.164214,,19.5,122.25,4829.5349695088735
2026-04-03T14:02:57.344Z,https://www.edgenyc.com/en/buy-tickets,mobile,38,14036.757249999999,0,,47.5,3220.7500000000073,9320.16757497618
2026-04-03T14:02:57.344Z,https://www.edgenyc.com/en/buy-tickets,desktop,87,1031.0602500000002,0,,21.5,269.25000000000045,1301.170474533509
2026-04-03T14:02:57.344Z,https://www.edgenyc.com/en/sky-skate,mobile,37.5,4786.576499999999,0.219441,,590,2618.9015000000018,6433.065594234465
2026-04-03T14:02:57.344Z,https://www.edgenyc.com/en/sky-skate,desktop,78.5,884.346,0.325206,,18.5,155.75,1440.7063511253107
2026-04-04T13:54:58.667Z,https://www.edgenyc.com/en/buy-tickets,mobile,40.5,11242.780000000002,0,,24,3551.829499999997,5528.753754321484
2026-04-04T13:54:58.667Z,https://www.edgenyc.com/en/buy-tickets,desktop,87.5,1170.7430000000004,0,,22,248.2499999999991,1345.8195493536741
2026-04-04T13:54:58.667Z,https://www.edgenyc.com/en/sky-skate,mobile,33.5,16262.456000000002,0.109719,,33,2361.7249999999995,8925.508901082612
2026-04-04T13:54:58.667Z,https://www.edgenyc.com/en/sky-skate,desktop,80,985.0634999999999,0.27009299999999997,,19,168.99999999999932,1214.9536138551052
2026-04-05T13:56:11.429Z,https://www.edgenyc.com/en/buy-tickets,mobile,26,28065.823014999994,0,,27.5,2751.250000000002,14752.791125
2026-04-05T13:56:11.429Z,https://www.edgenyc.com/en/buy-tickets,desktop,88.5,1179.8925000000004,0,,30.5,226.25000000000045,1232.089547012036
2026-04-05T13:56:11.429Z,https://www.edgenyc.com/en/sky-skate,mobile,27.5,26857.478774999996,0,,40.5,2003.7637499999955,13617.322750000003
2026-04-05T13:56:11.429Z,https://www.edgenyc.com/en/sky-skate,desktop,81.5,1130.7905,0.27009299999999997,,22.5,115.25000000000023,1300.7928733537874
2026-04-06T14:11:46.633Z,https://www.edgenyc.com/en/buy-tickets,mobile,26,27501.25059499999,0,,29,3195.7243599999965,14492.492125
2026-04-06T14:11:46.633Z,https://www.edgenyc.com/en/buy-tickets,desktop,88,1164.7395000000001,0,,31.5,239.00000000000045,1268.6614063760292
2026-04-06T14:11:46.633Z,https://www.edgenyc.com/en/sky-skate,mobile,27.5,27476.020069999995,0,,32,2007.5432950000013,13638.02825
2026-04-06T14:11:46.633Z,https://www.edgenyc.com/en/sky-skate,desktop,78,1221.4495000000002,0.27009299999999997,,73,169.00000000000045,1399.3387082732934
2026-04-07T14:45:34.681Z,https://www.edgenyc.com/en/buy-tickets,mobile,37.5,14421.145249999998,0,,22.5,3641.499999999998,9655.936880878984
2026-04-07T14:45:34.681Z,https://www.edgenyc.com/en/buy-tickets,desktop,87,1031.6339999999998,0,,24,270.2203749999994,1351.1401345096792
2026-04-07T14:45:34.681Z,https://www.edgenyc.com/en/sky-skate,mobile,35.5,15269.577985,0.1097205,,50.5,2384.750000000001,9352.859001355771
2026-04-07T14:45:34.681Z,https://www.edgenyc.com/en/sky-skate,desktop,77.5,880.0065,0.325206,,17,168.25,1404.6182574885374
2026-04-08T14:46:24.742Z,https://www.edgenyc.com/en/buy-tickets,mobile,41,14932.249499999994,0,,24,3515.999999999999,8631.566810122426
2026-04-08T14:46:24.742Z,https://www.edgenyc.com/en/buy-tickets,desktop,84.5,1103.60925,0,,23.5,313.75,1152.5476233987374
2026-04-08T14:46:24.742Z,https://www.edgenyc.com/en/sky-skate,mobile,49,3513.915,0.2194395,,40,2839.000000000001,4036.216330792785
2026-04-08T14:46:24.742Z,https://www.edgenyc.com/en/sky-skate,desktop,75.5,835.2035,0.2976495,,20,223.50000000000023,1370.9289528892332
2026-04-09T14:54:51.750Z,https://www.edgenyc.com/en/buy-tickets,mobile,41,15595.737124999992,0,,45.5,3261.7213749999974,8787.997891570732
2026-04-09T14:54:51.750Z,https://www.edgenyc.com/en/buy-tickets,desktop,84.5,999.4559999999999,0,,35.5,322.7500000000009,1055.479318580306
2026-04-09T14:54:51.750Z,https://www.edgenyc.com/en/sky-skate,mobile,46.5,3983.776,0.219438,,49.5,2950.755249999998,3267.349734593369
2026-04-09T14:54:51.750Z,https://www.edgenyc.com/en/sky-skate,desktop,76.5,927.327,0.27009299999999997,,29.5,230.00000000000045,1009.2042656078596
2026-04-10T14:17:21.596Z,https://www.edgenyc.com/en/buy-tickets,mobile,40,11331.664499999999,0,,32,3721.2500000000045,6309.589225931821
2026-04-10T14:17:21.596Z,https://www.edgenyc.com/en/buy-tickets,desktop,85.5,1221.60975,0,,42,279.7499999999998,1115.221798324887
2026-04-10T14:17:21.596Z,https://www.edgenyc.com/en/sky-skate,mobile,42,4358.3405,0.219438,,29.5,3001.499999999996,3437.0756659766207
2026-04-10T14:17:21.596Z,https://www.edgenyc.com/en/sky-skate,desktop,76,1072.6384999999998,0.2709045,,30,229.99999999999977,1015.6065569110976
2026-04-11T13:57:07.988Z,https://www.edgenyc.com/en/buy-tickets,mobile,41.5,14471.132749999999,0.056525,,43,3802.749999999999,4774.1914811155575
2026-04-11T13:57:07.988Z,https://www.edgenyc.com/en/buy-tickets,desktop,71.5,3363.6349999999998,0,,17.5,243.49999999999955,1384.618555461604
2026-04-11T13:57:07.988Z,https://www.edgenyc.com/en/sky-skate,mobile,47.5,3416.3595,0.21944249999999998,,608.5,2501.0000000000027,5628.474340703029
2026-04-11T13:57:07.988Z,https://www.edgenyc.com/en/sky-skate,desktop,76.5,713.9580000000001,0.325206,,15.5,189,1446.4579739301978
2026-04-12T14:00:24.674Z,https://www.edgenyc.com/en/buy-tickets,mobile,35,13999.156500000003,0.056544,,22.5,3451.847624999998,5769.403378292322
2026-04-12T14:00:24.674Z,https://www.edgenyc.com/en/buy-tickets,desktop,81.5,1711.8109999999997,0,,23.5,283.7499999999982,1142.2404994253625
2026-04-12T14:00:24.674Z,https://www.edgenyc.com/en/sky-skate,mobile,48,3738.4877500000002,0.2194395,,22,2799.1797500000002,3509.5904447321805
2026-04-12T14:00:24.674Z,https://www.edgenyc.com/en/sky-skate,desktop,78,1067.9485,0.27009299999999997,,26.5,189.00000000000045,1135.6386349913914
2026-04-13T14:52:09.130Z,https://www.edgenyc.com/en/buy-tickets,mobile,25.5,25071.008249999995,0.0282815,,32.5,3298.4753749999936,13634.614000000001
2026-04-13T14:52:09.130Z,https://www.edgenyc.com/en/buy-tickets,desktop,68.5,3395.2949049999997,0.001101,,33.5,321.75,1681.630157223749
2026-04-13T14:52:09.130Z,https://www.edgenyc.com/en/sky-skate,mobile,41,5012.0962500000005,0.2194395,,40,2806.1968749999933,4080.1679130635
2026-04-13T14:52:09.130Z,https://www.edgenyc.com/en/sky-skate,desktop,76,945.641,0.2976495,,36.5,201.99999999999932,1189.2958911703156
2026-04-14T14:51:38.102Z,https://www.edgenyc.com/en/buy-tickets,mobile,43,8369.633999999998,0.056525,,33,3982.4999999999927,3989.662470820427
2026-04-14T14:51:38.102Z,https://www.edgenyc.com/en/buy-tickets,desktop,78.5,1720.9054999999998,0,,28,338,1110.8429270322151
2026-04-14T14:51:38.102Z,https://www.edgenyc.com/en/sky-skate,mobile,38.5,5374.87725,0.219438,,41.5,2903.757874999997,3339.0722995314595
2026-04-14T14:51:38.102Z,https://www.edgenyc.com/en/sky-skate,desktop,76,1092.6159999999998,0.2976495,,30,195,1198.640799921229
2026-04-15T14:46:58.603Z,https://www.edgenyc.com/en/buy-tickets,mobile,42,10194.968,0.056525,,23.5,3561.499999999999,4501.009732520937
2026-04-15T14:46:58.603Z,https://www.edgenyc.com/en/buy-tickets,desktop,79.5,1783.399,0,,25,305,1133.3546285471675
2026-04-15T14:46:58.603Z,https://www.edgenyc.com/en/sky-skate,mobile,50,3449.8715,0.2194395,,43,2548.2500000000045,3880.657127313937
2026-04-15T14:46:58.603Z,https://www.edgenyc.com/en/sky-skate,desktop,79.5,777.973,0.2976495,,24,162.50000000000045,1355.666109073206
2026-04-16T14:57:46.172Z,https://www.edgenyc.com/en/buy-tickets,mobile,33.5,20462.14125,0.0282625,,59,3364.0552500000017,9965.211423847137
2026-04-16T14:57:46.172Z,https://www.edgenyc.com/en/buy-tickets,desktop,73,2918.12925,0,,32,266.99999999999886,1372.3551052409125
2026-04-16T14:57:46.172Z,https://www.edgenyc.com/en/sky-skate,mobile,41.5,5777.397,0.219441,,90.5,2752.152874999998,4281.155182419915
2026-04-16T14:57:46.172Z,https://www.edgenyc.com/en/sky-skate,desktop,74.5,878.7070000000001,0.325206,,25.5,212.25000000000023,1424.0666069161978
2026-04-17T14:21:34.815Z,https://www.edgenyc.com/en/buy-tickets,mobile,27,26868.90425,0.0282815,,33,3029.3842074999984,11038.3585
2026-04-17T14:21:34.815Z,https://www.edgenyc.com/en/buy-tickets,desktop,75,2014.9135000000003,0,,31.5,342.41899999999896,1221.3900028989137
2026-04-17T14:21:34.815Z,https://www.edgenyc.com/en/sky-skate,mobile,46,3654.0067500000005,0.219438,,594.5,2808.249999999998,5098.539045413601
2026-04-17T14:21:34.815Z,https://www.edgenyc.com/en/sky-skate,desktop,76,787.0645,0.2976495,,29.5,211.50000000000045,1412.0813183724872
2026-04-18T14:02:13.171Z,https://www.edgenyc.com/en/buy-tickets,mobile,34.5,17939.6,0.056544,,51,3816.140000000001,5875.242943800418
2026-04-18T14:02:13.171Z,https://www.edgenyc.com/en/buy-tickets,desktop,71.5,2255.223,0,,20.5,370.9892500000001,1224.01712451231
2026-04-18T14:02:13.171Z,https://www.edgenyc.com/en/sky-skate,mobile,48,3343.1532500000003,0.21178750000000002,,615.5,3256.292875000002,5583.77766116407
2026-04-18T14:02:13.171Z,https://www.edgenyc.com/en/sky-skate,desktop,73,674.663,0.325206,,16.5,238.80275000000165,1495.291692015956
2026-04-19T14:00:37.614Z,https://www.edgenyc.com/en/buy-tickets,mobile,26,29578.1549,0,,37.5,2658.214777500004,14682.935999999998
2026-04-19T14:00:37.614Z,https://www.edgenyc.com/en/buy-tickets,desktop,75.5,1965.3450000000003,0,,36,326.2500000000009,1337.2212930944465
2026-04-19T14:00:37.614Z,https://www.edgenyc.com/en/sky-skate,mobile,48.5,3500.6647499999995,0.219438,,165,2452.250000000002,4530.70689740716
2026-04-19T14:00:37.614Z,https://www.edgenyc.com/en/sky-skate,desktop,80,842.9930000000002,0.2709045,,33,155.25000000000023,1527.453043110967
2026-04-20T14:53:26.714Z,https://www.edgenyc.com/en/buy-tickets,mobile,26,28872.083874999997,0,,35.5,2648.249999999998,14595.223749999997
2026-04-20T14:53:26.714Z,https://www.edgenyc.com/en/buy-tickets,desktop,77,1718.209,0,,34,359.25562500000024,1175.4020524113096
2026-04-20T14:53:26.714Z,https://www.edgenyc.com/en/sky-skate,mobile,48,3415.12025,0.2194395,,517.5,2776.499999999998,4922.043916927789
2026-04-20T14:53:26.714Z,https://www.edgenyc.com/en/sky-skate,desktop,75.5,988.2294999999999,0.2976495,,34,205.5,1537.6079873860572
2026-04-21T14:48:06.858Z,https://www.edgenyc.com/en/buy-tickets,mobile,43,10038.723000000002,0.056525,,22.5,3326.2790199999918,4038.992756930725
2026-04-21T14:48:06.858Z,https://www.edgenyc.com/en/buy-tickets,desktop,78.5,1835.723,0,,23,313.5,1120.391111155347
2026-04-21T14:48:06.858Z,https://www.edgenyc.com/en/sky-skate,mobile,47.5,3739.98175,0.219438,,44.5,2761.000000000002,3868.8932481161296
2026-04-21T14:48:06.858Z,https://www.edgenyc.com/en/sky-skate,desktop,79,911.6389999999999,0.2976495,,18.5,168.5,1226.2219538609745
2026-04-22T14:47:15.411Z,https://www.edgenyc.com/en/buy-tickets,mobile,45,13768.049000000003,0.056544,,53,882.500000000001,5458.133989805443
2026-04-22T14:47:15.411Z,https://www.edgenyc.com/en/buy-tickets,desktop,85,2748.48375,0,,21,47.750000000000114,903.4368772653947
2026-04-22T14:47:15.411Z,https://www.edgenyc.com/en/sky-skate,mobile,47,3491.1102499999997,0.219441,,197,2811.4999999999964,5189.304375625894
2026-04-22T14:47:15.411Z,https://www.edgenyc.com/en/sky-skate,desktop,76.5,671.2075,0.325206,,16,183.00000000000045,1593.8029945260807
2026-04-23T15:14:26.934Z,https://www.edgenyc.com/en/buy-tickets,mobile,42,12047.999749999999,0.056525,,24,3944.8186250000044,4392.820572626382
2026-04-23T15:14:26.934Z,https://www.edgenyc.com/en/buy-tickets,desktop,71.5,1923.225,0,,24,436.4725549999996,1181.3175900651677
2026-04-23T15:14:26.934Z,https://www.edgenyc.com/en/sky-skate,mobile,47.5,3735.1800000000003,0.219438,,28.5,3429.5,3849.4295044678247
2026-04-23T15:14:26.934Z,https://www.edgenyc.com/en/sky-skate,desktop,74.5,874.259,0.325206,,22.5,221.75000000000068,1268.8620645941355
2026-04-24T14:45:55.227Z,https://www.edgenyc.com/en/buy-tickets,mobile,35.5,16446.23775,0.056544,,28,3276.7643750000047,5701.300835101301
2026-04-24T14:45:55.227Z,https://www.edgenyc.com/en/buy-tickets,desktop,77,1691.3670000000002,0,,21,359.0000000000007,1044.6615773162025
2026-04-24T14:45:55.227Z,https://www.edgenyc.com/en/sky-skate,mobile,47.5,3739.24925,0.2194395,,31.5,2971.5439999999962,3680.909777281603
2026-04-24T14:45:55.227Z,https://www.edgenyc.com/en/sky-skate,desktop,76.5,754.5235,0.325206,,20.5,188.5,1329.4884501141196
2026-04-25T14:03:38.571Z,https://www.edgenyc.com/en/buy-tickets,mobile,35,18947.589000000007,0.0282625,,32.5,3466.599284999994,6436.68146860515
2026-04-25T14:03:38.571Z,https://www.edgenyc.com/en/buy-tickets,desktop,77,1780.6619999999998,0,,26.5,347.2499999999998,1085.3417731728166
2026-04-25T14:03:38.571Z,https://www.edgenyc.com/en/sky-skate,mobile,43,4241.10225,0.219438,,31,3146.2290000000016,3472.087135337103
2026-04-25T14:03:38.571Z,https://www.edgenyc.com/en/sky-skate,desktop,77.5,833.8074999999999,0.27009299999999997,,23.5,217.75000000000023,1090.8620324285716
2026-04-26T14:05:26.199Z,https://www.edgenyc.com/en/buy-tickets,mobile,34,20108.6935,0.0282625,,31,3584.752750000004,9382.75561875647
2026-04-26T14:05:26.199Z,https://www.edgenyc.com/en/buy-tickets,desktop,74,1827.5485000000003,0,,25,407.9662500000011,1084.8473117944905
2026-04-26T14:05:26.199Z,https://www.edgenyc.com/en/sky-skate,mobile,37,4760.80025,0.219438,,34,3215.2025000000017,3692.1883339999504
2026-04-26T14:05:26.199Z,https://www.edgenyc.com/en/sky-skate,desktop,75,784.9105,0.2976495,,25,244.24999999999977,1185.3766774310275
2026-04-27T15:09:12.268Z,https://www.edgenyc.com/en/buy-tickets,mobile,35.5,15867.728749999998,0.056544,,59.5,3405.5631249999938,5431.92465705071
2026-04-27T15:09:12.268Z,https://www.edgenyc.com/en/buy-tickets,desktop,72.5,2437.3199999999997,0,,23,324.24999999999955,1210.3265574050715
2026-04-27T15:09:12.268Z,https://www.edgenyc.com/en/sky-skate,mobile,48.5,3498.6842500000002,0.21944249999999998,,43.5,2606.999999999998,4389.533179018972
2026-04-27T15:09:12.268Z,https://www.edgenyc.com/en/sky-skate,desktop,75,701.2045,0.341476,,17.5,198.5,1523.1551788280326
2026-04-28T15:28:12.977Z,https://www.edgenyc.com/en/buy-tickets,mobile,35.5,10402.184375,0.056525,,35,8852.668750000004,5908.711662454338
2026-04-28T15:28:12.977Z,https://www.edgenyc.com/en/buy-tickets,desktop,78.5,1730.7297499999995,0,,39.5,335.50000000000045,1120.8518096885482
2026-04-28T15:28:12.977Z,https://www.edgenyc.com/en/sky-skate,mobile,37.5,4729.2395,0.219438,,82.5,3415.1456249999965,3431.197604775307
2026-04-28T15:28:12.977Z,https://www.edgenyc.com/en/sky-skate,desktop,74,953.2674999999999,0.286363,,29,260.5,1083.0666086412589
2026-04-29T15:17:06.685Z,https://www.edgenyc.com/en/buy-tickets,mobile,42,15624.711000000001,0.056525,,42,3777.478000000002,4500.899231960599
2026-04-29T15:17:06.685Z,https://www.edgenyc.com/en/buy-tickets,desktop,68.5,2653.6749999999997,0,,23.5,364.50000000000045,1337.0246435595013
2026-04-29T15:17:06.685Z,https://www.edgenyc.com/en/sky-skate,mobile,48.5,3496.96475,0.2194395,,53,3050.749999999998,4392.891763689284
2026-04-29T15:17:06.685Z,https://www.edgenyc.com/en/sky-skate,desktop,72,673.8745,0.341476,,19,241.25000000000023,1572.540651535844
2026-04-30T15:12:05.740Z,https://www.edgenyc.com/en/buy-tickets,mobile,41,12831.855000000001,0.056525,,41.5,3990.519750000006,5025.357700473651
2026-04-30T15:12:05.740Z,https://www.edgenyc.com/en/buy-tickets,desktop,69,3441.7349999999997,0,,20,293.00000000000045,1355.1230809494639
2026-04-30T15:12:05.740Z,https://www.edgenyc.com/en/sky-skate,mobile,49,3447.68775,0.219441,,41,2887,4412.5006691790295
2026-04-30T15:12:05.740Z,https://www.edgenyc.com/en/sky-skate,desktop,73.5,718.5815,0.341476,,18,235,1314.7068552322116
2026-05-01T14:17:58.841Z,https://www.edgenyc.com/en/buy-tickets,mobile,43,13389.979,0.0282625,,247.5,2410.7692499999985,4743.9674287537755
2026-05-01T14:17:58.841Z,https://www.edgenyc.com/en/buy-tickets,desktop,79,2256.80825,0,,37,240.49999999999818,1243.8477775464612
2026-05-01T14:17:58.841Z,https://www.edgenyc.com/en/sky-skate,mobile,44.5,3498.7037500000006,0.33815300000000004,,32,2018.749999999999,4711.087991039124
2026-05-01T14:17:58.841Z,https://www.edgenyc.com/en/sky-skate,desktop,80,842.0645,0.3139195,,32.5,123.25000000000045,1502.1485529315023
2026-05-02T14:10:50.438Z,https://www.edgenyc.com/en/buy-tickets,mobile,26.5,26309.183355,0.0282815,,25,2769.101330000003,12066.453125
2026-05-02T14:10:50.438Z,https://www.edgenyc.com/en/buy-tickets,desktop,77.5,1777.76375,0,,27,346.5,1014.4503005694478
2026-05-02T14:10:50.438Z,https://www.edgenyc.com/en/sky-skate,mobile,46,3960.4415,0.219438,,34.5,2765.687874999998,3639.810268449971
2026-05-02T14:10:50.438Z,https://www.edgenyc.com/en/sky-skate,desktop,74.5,1111.3225000000002,0.3139195,,25.5,218.50000000000045,1127.5037801058852
2026-05-03T14:11:41.688Z,https://www.edgenyc.com/en/buy-tickets,mobile,35,16746.5955,0.0282815,,36.5,3779.4655000000084,5812.981338578353
2026-05-03T14:11:41.688Z,https://www.edgenyc.com/en/buy-tickets,desktop,68,3392.0020000000004,0,,18,298.9229999999993,1311.3592659679666
2026-05-03T14:11:41.688Z,https://www.edgenyc.com/en/sky-skate,mobile,47.5,3490.3885,0.219441,,41.5,2972.361507500009,4870.040900500406
2026-05-03T14:11:41.688Z,https://www.edgenyc.com/en/sky-skate,desktop,73.5,671.3105,0.3799,,15.5,214.75000000000023,1392.6037865006074
2026-05-04T15:11:12.930Z,https://www.edgenyc.com/en/buy-tickets,mobile,40.5,15093.124,0.0282625,,43,3496.7499999999995,5403.393263131971
2026-05-04T15:11:12.930Z,https://www.edgenyc.com/en/buy-tickets,desktop,72,2511.5460000000003,0,,19,331.50000000000114,1182.0862882498775
2026-05-04T15:11:12.930Z,https://www.edgenyc.com/en/sky-skate,mobile,46,3418.2670000000003,0.2194395,,686.5,3010.971375000001,6068.3214164668225
2026-05-04T15:11:12.930Z,https://www.edgenyc.com/en/sky-skate,desktop,75,673.9165,0.3414765,,18.5,208.24987500000088,1449.5789884330056
2026-05-06T15:27:27.801Z,https://www.edgenyc.com/en/buy-tickets,mobile,40,19459.1805,0.056525,,187,1981.200499999998,6805.97551866928
2026-05-06T15:27:27.801Z,https://www.edgenyc.com/en/buy-tickets,desktop,75,3498.5685,0,,20.5,170,1442.4871293505778
2026-05-06T15:27:27.801Z,https://www.edgenyc.com/en/sky-skate,mobile,49.5,3427.10475,0.219444,,168.5,1640.4472499999974,5801.717207147733
2026-05-06T15:27:27.801Z,https://www.edgenyc.com/en/sky-skate,desktop,71.5,1566.497,0.332582,,16,115.24999999999977,1694.516267886514
2026-05-07T15:29:02.304Z,https://www.edgenyc.com/en/buy-tickets,mobile,34.5,19747.068699999996,0.0282625,,27.5,3356.8259949999992,9340.040553430854
2026-05-07T15:29:02.304Z,https://www.edgenyc.com/en/buy-tickets,desktop,79.5,1541.3579999999997,0,,25,345.24999999999955,1021.8756945630857
2026-05-07T15:29:02.304Z,https://www.edgenyc.com/en/sky-skate,mobile,45.5,3876.1054999999997,0.219438,,577,3195.2500000000055,4055.2582678276694
2026-05-07T15:29:02.304Z,https://www.edgenyc.com/en/sky-skate,desktop,75.5,782.8313999999998,0.30408,,22.5,231.24999999999955,1049.4843396619524
2026-05-08T14:53:11.305Z,https://www.edgenyc.com/en/buy-tickets,mobile,35,17518.45375,0.0282815,,46,3592.25,6044.968070766428
2026-05-08T14:53:11.305Z,https://www.edgenyc.com/en/buy-tickets,desktop,71.5,2215.5209999999997,0,,24,384.0592499999998,1217.53157689839
2026-05-08T14:53:11.305Z,https://www.edgenyc.com/en/sky-skate,mobile,48.5,3415.1425000000004,0.21178750000000002,,47.5,3003.529749999998,4952.950040517067
2026-05-08T14:53:11.305Z,https://www.edgenyc.com/en/sky-skate,desktop,75,711.13075,0.332582,,20.5,202.31512499999985,1514.6371866602478
2026-05-09T14:17:33.156Z,https://www.edgenyc.com/en/buy-tickets,mobile,43,9658.036750000003,0.056525,,25,3798.693750000002,3998.174634646918
2026-05-09T14:17:33.156Z,https://www.edgenyc.com/en/buy-tickets,desktop,77,1703.531,0,,21.5,373.5,1057.5759907060742
2026-05-09T14:17:33.156Z,https://www.edgenyc.com/en/sky-skate,mobile,42.5,4328.40565,0.219438,,15.5,2542.9999999999927,3377.580734097376
2026-05-09T14:17:33.156Z,https://www.edgenyc.com/en/sky-skate,desktop,78,943.6725,0.275578,,18.5,205,984.8782277588374
2026-05-10T14:20:37.920Z,https://www.edgenyc.com/en/buy-tickets,mobile,30.5,21348.780749999994,0.056563,,56,3516.261787499999,6055.817712657679
2026-05-10T14:20:37.920Z,https://www.edgenyc.com/en/buy-tickets,desktop,72.5,2120.8289999999997,0,,30.5,378.00000000000045,1145.9356638431752
2026-05-10T14:20:37.920Z,https://www.edgenyc.com/en/sky-skate,mobile,44,3479.6395,0.33815300000000004,,53,3247.5387500000015,4132.375004936734
2026-05-10T14:20:37.920Z,https://www.edgenyc.com/en/sky-skate,desktop,74.5,768.0222,0.332582,,24.5,222.49999999999977,1416.901435009021
2026-05-11T15:56:14.903Z,https://www.edgenyc.com/en/buy-tickets,mobile,26,29407.18279,0,,22.5,2833.4657499999994,14956.2165
2026-05-11T15:56:14.903Z,https://www.edgenyc.com/en/buy-tickets,desktop,80,1594.9177500000005,0,,22.5,322.9861249999999,1059.8213895586237
2026-05-11T15:56:14.903Z,https://www.edgenyc.com/en/sky-skate,mobile,43,4249.8315,0.219438,,74,3007.2815000000046,3692.660541249331
2026-05-11T15:56:14.903Z,https://www.edgenyc.com/en/sky-skate,desktop,75,854.4936500000001,0.274507,,21.5,252.49999999999977,1052.519779548593
2026-05-12T15:40:22.392Z,https://www.edgenyc.com/en/buy-tickets,mobile,35.5,16142.68375,0.056544,,22.5,3840.2353749999975,5517.172166293813
2026-05-12T15:40:22.392Z,https://www.edgenyc.com/en/buy-tickets,desktop,75.5,1802.4565,0,,24.5,380.8155000000013,1092.6592877526473
2026-05-12T15:40:22.392Z,https://www.edgenyc.com/en/sky-skate,mobile,43,4722.383,0.219438,,19.5,3327.186625000003,3856.13558392521
2026-05-12T15:40:22.392Z,https://www.edgenyc.com/en/sky-skate,desktop,74.5,680.5035,0.303009,,66.5,244.50000000000023,1370.9148903635364
2026-05-13T15:44:41.705Z,https://www.edgenyc.com/en/buy-tickets,mobile,36,20584.828,0.0282625,,24,3759.883875000004,6714.165868590839
2026-05-13T15:44:41.705Z,https://www.edgenyc.com/en/buy-tickets,desktop,69.5,2351.0237500000003,0,,21.5,390.24999999999955,1303.9278762075128
2026-05-13T15:44:41.705Z,https://www.edgenyc.com/en/sky-skate,mobile,40.5,5693.228349999999,0.21944249999999998,,49,2729.905149999995,4596.670787881016
2026-05-13T15:44:41.705Z,https://www.edgenyc.com/en/sky-skate,desktop,71,1337.9036,0.331511,,18.5,205.9992499999987,1284.5486430635844
2026-05-14T15:21:41.930Z,https://www.edgenyc.com/en/buy-tickets,mobile,35,15104.814499999991,0.0282625,,31,3968.749999999991,6937.425207477973
2026-05-14T15:21:41.930Z,https://www.edgenyc.com/en/buy-tickets,desktop,77.5,1786.2767500000007,0,,32.5,342.49999999999795,1142.6262906267877
2026-05-14T15:21:41.930Z,https://www.edgenyc.com/en/sky-skate,mobile,46.5,3984.5152499999995,0.219438,,48,2985.75,3366.203879235929
2026-05-14T15:21:41.930Z,https://www.edgenyc.com/en/sky-skate,desktop,79,913.404,0.275405,,31,193.00000000000136,1073.4426652741763
2026-05-15T15:19:06.004Z,https://www.edgenyc.com/en/buy-tickets,mobile,37.5,9884.998625,0.056525,,23,8983.332249999996,5302.87478510459
2026-05-15T15:19:06.004Z,https://www.edgenyc.com/en/buy-tickets,desktop,80.5,1416.5619999999997,0,,22.5,357.00000000000045,919.6760156542343
2026-05-15T15:19:06.004Z,https://www.edgenyc.com/en/sky-skate,mobile,40.5,5122.802,0.219438,,605.5,2970.9999999999986,4341.722209258358
2026-05-15T15:19:06.004Z,https://www.edgenyc.com/en/sky-skate,desktop,76.5,902.6985,0.274507,,20,233.74999999999932,923.669449090659
2026-05-16T14:22:36.782Z,https://www.edgenyc.com/en/buy-tickets,mobile,42,9903.58125,0.056525,,23,5241.3359999999975,4018.7530687015224
2026-05-16T14:22:36.782Z,https://www.edgenyc.com/en/buy-tickets,desktop,78,1648.0119999999997,0,,23,357.0000000000009,1076.4830762246597
2026-05-16T14:22:36.782Z,https://www.edgenyc.com/en/sky-skate,mobile,43,4205.52355,0.219438,,24.5,3181.249999999999,3425.703355065536
2026-05-16T14:22:36.782Z,https://www.edgenyc.com/en/sky-skate,desktop,73.5,976.0065,0.274507,,22,265.00000000000045,1043.5753900439813
2026-05-17T14:26:12.235Z,https://www.edgenyc.com/en/buy-tickets,mobile,33,19509.155899999994,0.0282625,,253.5,4814.750000000001,9666.059671222838
2026-05-17T14:26:12.235Z,https://www.edgenyc.com/en/buy-tickets,desktop,78,2212.7085,0,,39.5,264.50000000000136,1215.783928789751
2026-05-17T14:26:12.235Z,https://www.edgenyc.com/en/sky-skate,mobile,49,3490.10555,0.2194395,,33.5,2506.1515000000027,4175.171931812873
2026-05-17T14:26:12.235Z,https://www.edgenyc.com/en/sky-skate,desktop,79,839.7366,0.303009,,33,158.7500000000009,1380.7892526890307
2026-05-18T16:26:17.187Z,https://www.edgenyc.com/en/buy-tickets,mobile,40.5,12389.390725000001,0.056525,,189,5092.755525,5163.961983961475
2026-05-18T16:26:17.187Z,https://www.edgenyc.com/en/buy-tickets,desktop,70.5,2453.77575,0,,21.5,367.24999999999955,1283.2746101547564
2026-05-18T16:26:17.187Z,https://www.edgenyc.com/en/sky-skate,mobile,49,3491.92,0.21178750000000002,,44,3080.249999999998,4430.762836046899
2026-05-18T16:26:17.187Z,https://www.edgenyc.com/en/sky-skate,desktop,74,674.21,0.34235699999999997,,20.5,226.75000000000023,1399.401499183518
2026-05-19T16:22:49.882Z,https://www.edgenyc.com/en/buy-tickets,mobile,33,16025.339499999996,0.056544,,47,4613.237624999997,6929.103436857364
2026-05-19T16:22:49.882Z,https://www.edgenyc.com/en/buy-tickets,desktop,73.5,2866.4307500000004,0,,31,295.80575000000067,1444.3434753622453
2026-05-19T16:22:49.882Z,https://www.edgenyc.com/en/sky-skate,mobile,46,4037.62705,0.219438,,37.5,2788.500000000001,3245.351369870653
2026-05-19T16:22:49.882Z,https://www.edgenyc.com/en/sky-skate,desktop,80.5,888.3622,0.28535299999999997,,21.5,155.49999999999932,1026.1744081270797
2026-05-20T16:27:42.313Z,https://www.edgenyc.com/en/buy-tickets,mobile,41,16094.498,0.056525,,483.5,2562.2499999999973,5680.442913825716
2026-05-20T16:27:42.313Z,https://www.edgenyc.com/en/buy-tickets,desktop,73,2654.1137500000004,0,,19,281.2499999999998,1351.5198379324454
2026-05-20T16:27:42.313Z,https://www.edgenyc.com/en/sky-skate,mobile,48,3425.4584999999997,0.219441,,44.5,2388.5,5263.238974022528
2026-05-20T16:27:42.313Z,https://www.edgenyc.com/en/sky-skate,desktop,78,677.065,0.34235699999999997,,18,139.75000000000023,1651.774405230975
2026-05-21T16:15:59.959Z,https://www.edgenyc.com/en/buy-tickets,mobile,41.5,10242.719,0.056525,,390,4548.410249999998,4496.797486392268
2026-05-21T16:15:59.959Z,https://www.edgenyc.com/en/buy-tickets,desktop,70,3529.946999999999,0,,24,302.74999999999864,1466.1566006255316
2026-05-21T16:15:59.959Z,https://www.edgenyc.com/en/sky-skate,mobile,52,3727.27065,0.11737249999999999,,24,2688.500000000002,4322.132265176249
2026-05-21T16:15:59.959Z,https://www.edgenyc.com/en/sky-skate,desktop,77,775.3915,0.3523655,,26,179.74999999999932,1242.200744498014
2026-05-22T15:49:54.439Z,https://www.edgenyc.com/en/buy-tickets,mobile,27,21972.42402,0.0282625,,214,10244.693500000003,12075.389941688589
2026-05-22T15:49:54.439Z,https://www.edgenyc.com/en/buy-tickets,desktop,68,4379.64213,0,,38.5,294.75000000000114,1626.96373140215
2026-05-22T15:49:54.439Z,https://www.edgenyc.com/en/sky-skate,mobile,46.5,3492.1704999999997,0.21944249999999998,,35.5,2521.7499999999973,6157.764139489135
2026-05-22T15:49:54.439Z,https://www.edgenyc.com/en/sky-skate,desktop,76,986.6525,0.34235699999999997,,34,165.00000000000068,1583.2713236238142
2026-05-23T14:40:39.419Z,https://www.edgenyc.com/en/buy-tickets,mobile,40.5,10984.921999999999,0.056525,,47,4811.0997499999885,4618.651388290985
2026-05-23T14:40:39.419Z,https://www.edgenyc.com/en/buy-tickets,desktop,72,2219.4390000000003,0,,21.5,359,1268.6665993527326
2026-05-23T14:40:39.419Z,https://www.edgenyc.com/en/sky-skate,mobile,46.5,3742.24575,0.219441,,33,3003.7499999999964,4274.186660668391
2026-05-23T14:40:39.419Z,https://www.edgenyc.com/en/sky-skate,desktop,75.5,920.2550000000001,0.313855,,17.5,215.25000000000045,1210.8847353748565
2026-05-24T14:25:42.351Z,https://www.edgenyc.com/en/buy-tickets,mobile,35.5,15709.821,0.056544,,18.5,3715.5464999999986,5405.27163558949
2026-05-24T14:25:42.351Z,https://www.edgenyc.com/en/buy-tickets,desktop,79.5,1445.97575,0,,20,360.74999999999864,1102.7281406659822
2026-05-24T14:25:42.351Z,https://www.edgenyc.com/en/sky-skate,mobile,42.5,4324.9615,0.219438,,34,3058.500000000001,3571.199924892032
2026-05-24T14:25:42.351Z,https://www.edgenyc.com/en/sky-skate,desktop,77.5,1003.4949999999999,0.28535299999999997,,18,190.9999999999991,1063.3833351456815
2026-05-25T15:52:49.341Z,https://www.edgenyc.com/en/buy-tickets,mobile,28,25676.844500000003,0.056563,,39,1982.5515000000014,10269.831048873251
2026-05-25T15:52:49.341Z,https://www.edgenyc.com/en/buy-tickets,desktop,82,2373.8132499999997,0,,41,175.24999999999955,1324.763089565384
2026-05-25T15:52:49.341Z,https://www.edgenyc.com/en/sky-skate,mobile,44.5,3518.2667500000002,0.33815300000000004,,35.5,1799.75,4786.313822230867
2026-05-25T15:52:49.341Z,https://www.edgenyc.com/en/sky-skate,desktop,76.5,840.3037499999998,0.38086749999999997,,36.5,78.00000000000023,2207.7795739404673
2026-05-26T16:43:28.026Z,https://www.edgenyc.com/en/buy-tickets,mobile,26,23563.20975,0.0282815,,31,3314.5822377471895,11231.645774505614
2026-05-26T16:43:28.026Z,https://www.edgenyc.com/en/buy-tickets,desktop,74.5,2028.23675,0,,40,359.7499999999991,1257.2293366506924
2026-05-26T16:43:28.026Z,https://www.edgenyc.com/en/sky-skate,mobile,49,3453.7964999999995,0.2194395,,33.5,2829.4999999999973,4209.603759047766
2026-05-26T16:43:28.026Z,https://www.edgenyc.com/en/sky-skate,desktop,74.5,891.4821,0.34235699999999997,,31.5,191.74999999999955,1552.8162580236753
2026-05-27T16:42:42.894Z,https://www.edgenyc.com/en/buy-tickets,mobile,42.5,10087.278000000002,0.056525,,25.5,3600.8287500000015,4188.2349275080705
2026-05-27T16:42:42.894Z,https://www.edgenyc.com/en/buy-tickets,desktop,80,1605.0862499999998,0,,25,320.75000000000136,987.8280308342376
2026-05-27T16:42:42.894Z,https://www.edgenyc.com/en/sky-skate,mobile,40,4399.12875,0.219438,,453.5,2617.999999999998,4874.794373815387
2026-05-27T16:42:42.894Z,https://www.edgenyc.com/en/sky-skate,desktop,77.5,843.9929,0.313855,,20.5,186.00000000000068,1163.6252889080938
2026-05-28T16:55:02.952Z,https://www.edgenyc.com/en/buy-tickets,mobile,34.5,16783.439249999996,0.0282625,,27.5,3496.500000000002,8620.41766592423
2026-05-28T16:55:02.952Z,https://www.edgenyc.com/en/buy-tickets,desktop,77.5,1720.2002499999999,0,,36,346,1106.8490123010638
2026-05-28T16:55:02.952Z,https://www.edgenyc.com/en/sky-skate,mobile,46.5,3907.6307500000003,0.219438,,39,2780.6347499999993,4017.920440055675
2026-05-28T16:55:02.952Z,https://www.edgenyc.com/en/sky-skate,desktop,78,906.4559000000002,0.313855,,26.5,172.99999999999955,1082.6171826969353
2026-05-29T16:42:07.451Z,https://www.edgenyc.com/en/buy-tickets,mobile,40.5,9785.00575,0.056525,,20.5,6270,4686.507518978477
2026-05-29T16:42:07.451Z,https://www.edgenyc.com/en/buy-tickets,desktop,75,1778.91925,0,,20,394.74999999999955,965.1792790455023
2026-05-29T16:42:07.451Z,https://www.edgenyc.com/en/sky-skate,mobile,37,4879.865,0.219438,,69,3093.9999999999986,3534.0834138672335
2026-05-29T16:42:07.451Z,https://www.edgenyc.com/en/sky-skate,desktop,78.5,850.2755000000001,0.28535299999999997,,20.5,188.75,1132.0536063036398
2026-05-30T14:42:02.816Z,https://www.edgenyc.com/en/buy-tickets,mobile,33,19553.44502,0.0282625,,21,3352.811245,9572.79904873823
2026-05-30T14:42:02.816Z,https://www.edgenyc.com/en/buy-tickets,desktop,76.5,2014.475,0,,21,320.25,1154.6559601694455
2026-05-30T14:42:02.816Z,https://www.edgenyc.com/en/sky-skate,mobile,47.5,3814.5149999999994,0.219441,,17.5,2656.250000000002,3631.3094834822696
2026-05-30T14:42:02.816Z,https://www.edgenyc.com/en/sky-skate,desktop,77,849.54315,0.34235699999999997,,17,176.8031500000002,1255.0855750837086
2026-05-31T14:48:13.713Z,https://www.edgenyc.com/en/buy-tickets,mobile,26.5,22934.027500000004,0.0282815,,26.5,4188.634999999993,8713.698633022861
2026-05-31T14:48:13.713Z,https://www.edgenyc.com/en/buy-tickets,desktop,77,1773.39325,0,,25.5,352.75,1039.1756001866856
2026-05-31T14:48:13.713Z,https://www.edgenyc.com/en/sky-skate,mobile,41.5,4433.97055,0.219438,,20.5,3264.2500000000055,3510.2909435136744
2026-05-31T14:48:13.713Z,https://www.edgenyc.com/en/sky-skate,desktop,75,917.2452999999999,0.28535299999999997,,21,236.5,1186.996580479653
2026-06-01T18:41:15.544Z,https://www.edgenyc.com/en/buy-tickets,mobile,34.5,16999.025999999998,0.0282625,,41.5,3965.1015000000016,8824.55778314065
2026-06-01T18:41:15.544Z,https://www.edgenyc.com/en/buy-tickets,desktop,71,1916.8832499999999,0,,25.5,469.2499999999982,1069.5491596802478
2026-06-01T18:41:15.544Z,https://www.edgenyc.com/en/sky-skate,mobile,49,3587.74355,0.2194395,,37.5,3401.4999999999973,3694.838774200335
2026-06-01T18:41:15.544Z,https://www.edgenyc.com/en/sky-skate,desktop,73,800.2184,0.34235699999999997,,22,234.74999999999977,1301.4343333682618
2026-06-02T17:25:26.865Z,https://www.edgenyc.com/en/buy-tickets,mobile,34.5,17433.750750000003,0.0282625,,21.5,3683.6267499999994,9086.749347593859
2026-06-02T17:25:26.865Z,https://www.edgenyc.com/en/buy-tickets,desktop,75,1673.9270000000001,0,,27,411.5929999999994,981.4137236988776
2026-06-02T17:25:26.865Z,https://www.edgenyc.com/en/sky-skate,mobile,52,3869.96625,0.11737249999999999,,73.5,3260.7164749999974,3613.2126554364395
2026-06-02T17:25:26.865Z,https://www.edgenyc.com/en/sky-skate,desktop,77,1066.2533,0.29184899999999997,,31,192.24999999999932,1075.2994702015935
2026-06-03T18:00:29.566Z,https://www.edgenyc.com/en/buy-tickets,mobile,40,13135.682499999999,0.056525,,43,5264.6652499999955,4882.634212315506
2026-06-03T18:00:29.566Z,https://www.edgenyc.com/en/buy-tickets,desktop,66.5,2368.8022499999997,0,,48.5,474.90074999999933,1351.5131851188416
2026-06-03T18:00:29.566Z,https://www.edgenyc.com/en/sky-skate,mobile,36,11619.109225000004,0.1340235,,41,2574.442457500003,8233.979120283402
2026-06-03T18:00:29.566Z,https://www.edgenyc.com/en/sky-skate,desktop,70.5,840.3525500000001,0.34885299999999997,,38.5,250.5,1780.2194147462592
2026-06-04T16:20:48.899Z,https://www.edgenyc.com/en/buy-tickets,mobile,40.5,11961.5055,0.0578075,,54.5,5259.500250000001,4517.026161839423
2026-06-04T16:20:48.899Z,https://www.edgenyc.com/en/buy-tickets,desktop,69,3157.4662499999995,0,,20.5,319.07299999999987,1333.6811996202473
2026-06-04T16:20:48.899Z,https://www.edgenyc.com/en/sky-skate,mobile,48,3479.9017000000003,0.21178750000000002,,50,3696.999999999999,4676.058295033441
2026-06-04T16:20:48.899Z,https://www.edgenyc.com/en/sky-skate,desktop,68.5,691.9392499999999,0.34885299999999997,,17,292.5920250000015,1667.9852893779162
2026-06-05T15:56:07.205Z,https://www.edgenyc.com/en/buy-tickets,mobile,34.5,17432.736749999996,0.0282625,,25,3400.1109999999953,9121.223133704903
2026-06-05T15:56:07.205Z,https://www.edgenyc.com/en/buy-tickets,desktop,77,1690.4344999999998,0,,32,368.74999999999955,1124.975875473834
2026-06-05T15:56:07.205Z,https://www.edgenyc.com/en/sky-skate,mobile,37.5,4774.53255,0.219438,,37.5,3529.7274750000006,3367.0902734978536
2026-06-05T15:56:07.205Z,https://www.edgenyc.com/en/sky-skate,desktop,76.5,939.9934000000001,0.29184899999999997,,21.5,213.25,1174.3855004911284
2026-06-06T14:42:56.692Z,https://www.edgenyc.com/en/buy-tickets,mobile,34.5,17453.065999999995,0.0282625,,21.5,3349.544000000008,8950.21442485286
2026-06-06T14:42:56.692Z,https://www.edgenyc.com/en/buy-tickets,desktop,75.5,1753.26125,0,,20,387.4011750000002,1049.2544476065777
2026-06-06T14:42:56.692Z,https://www.edgenyc.com/en/sky-skate,mobile,46,3956.0411999999997,0.219438,,25.5,3142.474299999998,3512.639243828943
2026-06-06T14:42:56.692Z,https://www.edgenyc.com/en/sky-skate,desktop,76.5,959.3515,0.29184899999999997,,17.5,211.00000000000045,1082.3269209587884
2026-06-07T14:53:56.255Z,https://www.edgenyc.com/en/buy-tickets,mobile,32.5,20020.081,0.0282625,,34,4730.5265000000045,9706.437027461472
2026-06-07T14:53:56.255Z,https://www.edgenyc.com/en/buy-tickets,desktop,71.5,2411.543,0,,36.5,337.5000000000016,1451.1939952310677
2026-06-07T14:53:56.255Z,https://www.edgenyc.com/en/sky-skate,mobile,46,3505.1772499999997,0.2360875,,34.5,3157.249999999998,4886.05128455843
2026-06-07T14:53:56.255Z,https://www.edgenyc.com/en/sky-skate,desktop,67.5,843.797,0.38736349999999997,,33.5,275.5,1722.0992030260168
2026-06-08T16:49:59.531Z,https://www.edgenyc.com/en/buy-tickets,mobile,39,13810.452249999998,0.056525,,27,5874.651000000005,5334.933397552104
2026-06-08T16:49:59.531Z,https://www.edgenyc.com/en/buy-tickets,desktop,69,2839.4965000000007,0,,215,356.54125000000204,1297.6599622358299
2026-06-08T16:49:59.531Z,https://www.edgenyc.com/en/sky-skate,mobile,42,4364.98,0.21178750000000002,,24.5,3415.4999999999973,5281.333474914084
2026-06-08T16:49:59.531Z,https://www.edgenyc.com/en/sky-skate,desktop,72,673.9372500000001,0.34885299999999997,,18.5,242.49999999999955,1630.265537616625
2026-06-09T15:58:00.559Z,https://www.edgenyc.com/en/buy-tickets,mobile,41,11459.595000000001,0.0578075,,207.5,5192.249999999995,4112.893519439943
2026-06-09T15:58:00.559Z,https://www.edgenyc.com/en/buy-tickets,desktop,70,2542.6592499999997,0,,241.5,360.75,1286.979846862988
2026-06-09T15:58:00.559Z,https://www.edgenyc.com/en/sky-skate,mobile,46,3709.665,0.2360875,,90.5,3606.680749999998,4077.531017328648
2026-06-09T15:58:00.559Z,https://www.edgenyc.com/en/sky-skate,desktop,70.5,1327.7804999999998,0.32035099999999994,,86.5,200.25000000000045,1918.3725389429942
2026-06-10T16:35:52.590Z,https://www.edgenyc.com/en/buy-tickets,mobile,42.5,11508.193,0.029545,,51,4449.667749999999,3628.3246827840117
2026-06-10T16:35:52.590Z,https://www.edgenyc.com/en/buy-tickets,desktop,74.5,1714.55375,0,,41,418.9999999999991,848.0802191078191
2026-06-10T16:35:52.590Z,https://www.edgenyc.com/en/sky-skate,mobile,37,4859.6065,0.218871,,37.5,3566.2218627471893,3431.606999440413
2026-06-10T16:35:52.590Z,https://www.edgenyc.com/en/sky-skate,desktop,72,851.1535,0.29184899999999997,,49.5,289.7499999999998,1071.1231838951917
2026-06-11T16:55:47.924Z,https://www.edgenyc.com/en/buy-tickets,mobile,47,7467.3645,0.1930406050826113,,120,2524.244010000002,3184.6556585984827
2026-06-11T16:55:47.924Z,https://www.edgenyc.com/en/buy-tickets,desktop,97,507.10825,0.1022253743104807,,85.5,0,264.8805
2026-06-11T16:55:47.924Z,https://www.edgenyc.com/en/sky-skate,mobile,91,1793.7485,0.1930406050826113,,88.5,0,905.2655659999889
2026-06-11T16:55:47.924Z,https://www.edgenyc.com/en/sky-skate,desktop,97,507.0085,0.1022253743104807,,95.5,0,251.9155
2026-06-12T16:21:07.834Z,https://www.edgenyc.com/en/buy-tickets,mobile,42.5,8910.098750000001,0.05652496792548378,,211,4017.999999999997,3766.3644021205837
2026-06-12T16:21:07.834Z,https://www.edgenyc.com/en/buy-tickets,desktop,80,1550.707,0,,37,338.74999999999864,840.953490579933
2026-06-12T16:21:07.834Z,https://www.edgenyc.com/en/sky-skate,mobile,43.5,4333.3295,0.2194384117614926,,656.5,2768.9999999999986,4039.0578102286845
2026-06-12T16:21:07.834Z,https://www.edgenyc.com/en/sky-skate,desktop,77.5,1028.4485,0.291848455906778,,36,191.99999999999955,1066.3488961096514
2026-06-13T15:02:41.294Z,https://www.edgenyc.com/en/buy-tickets,mobile,35,15638.039999999995,0,,33.5,5149.441999999996,8509.471029055258
2026-06-13T15:02:41.294Z,https://www.edgenyc.com/en/buy-tickets,desktop,81,1342.47375,0,,34.5,358.25000000000136,854.5725740751179
2026-06-13T15:02:41.294Z,https://www.edgenyc.com/en/sky-skate,mobile,45,4246.80375,0.2194384117614926,,25.5,2631.1908750000002,3081.2870844549243
2026-06-13T15:02:41.294Z,https://www.edgenyc.com/en/sky-skate,desktop,77,1065.476,0.291848455906778,,24,196.50000000000023,943.7272644279619
2026-06-15T17:58:27.334Z,https://www.edgenyc.com/en/buy-tickets,mobile,56.5,6400.825000000001,0.1930406050826113,,80,981.75,1611.3842252771246
2026-06-15T17:58:27.334Z,https://www.edgenyc.com/en/buy-tickets,desktop,97,472.394,0.1022253743104807,,58.5,0,224.61475000000002
2026-06-15T17:58:27.334Z,https://www.edgenyc.com/en/sky-skate,mobile,67,3011.11025,0.19858591615005416,,102,1553.1002500000004,2642.8247727253256
2026-06-15T17:58:27.334Z,https://www.edgenyc.com/en/sky-skate,desktop,84.5,738.8177499999999,0.2640495273260405,,83,99.75,813.0091970484824
2026-06-16T18:05:19.346Z,https://www.edgenyc.com/en/buy-tickets,mobile,38.5,13390.4975,0,,539.5,5114.75,6167.264724569625
2026-06-16T18:05:19.346Z,https://www.edgenyc.com/en/buy-tickets,desktop,63,4327.30775,0.000038739526822645495,,181,346.47450000000026,1078.5303868555982
2026-06-16T18:05:19.346Z,https://www.edgenyc.com/en/sky-skate,mobile,35.5,6948.880999999999,0.33815324426742066,,148,2716.6270200000026,3973.2539111601895
2026-06-16T18:05:19.346Z,https://www.edgenyc.com/en/sky-skate,desktop,69,1609.0692499999998,0.348852311597713,,181.5,201.49999999999932,1451.7604189314898
2026-06-17T16:39:30.245Z,https://www.edgenyc.com/en/buy-tickets,mobile,42.5,8699.2945,0,,33,5277.4999999999945,3378.1300896967605
2026-06-17T16:39:30.245Z,https://www.edgenyc.com/en/buy-tickets,desktop,78.5,1575.5462500000003,0,,37,378.62104999999997,803.7198950814718
2026-06-17T16:39:30.245Z,https://www.edgenyc.com/en/sky-skate,mobile,45,4157.9505,0.21915494538104824,,350,2922.37425,3705.8203396992985
2026-06-17T16:39:30.245Z,https://www.edgenyc.com/en/sky-skate,desktop,75.5,885.6434999999999,0.291848455906778,,23.5,235.50000000000045,954.8348102376694
2026-06-18T16:35:47.765Z,https://www.edgenyc.com/en/buy-tickets,mobile,43,10384.2755,0,,71,5451.973999999999,3252.284927066733
2026-06-18T16:35:47.765Z,https://www.edgenyc.com/en/buy-tickets,desktop,68.5,3849.02425,0,,76,340,1090.307086927328
2026-06-18T16:35:47.765Z,https://www.edgenyc.com/en/sky-skate,mobile,46.5,4003.1087500000003,0.21943988635715847,,74.5,2904.9816249999976,3479.944251851478
2026-06-18T16:35:47.765Z,https://www.edgenyc.com/en/sky-skate,desktop,76.5,899.6460000000001,0.3203503837522455,,78,198.25,1120.8028808115523
2026-06-19T16:06:48.194Z,https://www.edgenyc.com/en/buy-tickets,mobile,43.5,10219.14875,0,,38.5,4747.301874999999,3401.769721419567
2026-06-19T16:06:48.194Z,https://www.edgenyc.com/en/buy-tickets,desktop,78.5,1387.8557500000002,0,,37,406.00000000000114,796.2421462565717
2026-06-19T16:06:48.194Z,https://www.edgenyc.com/en/sky-skate,mobile,40.5,4621.0912499999995,0.2194384117614926,,179,2920.6526250000006,3519.5717532227777
2026-06-19T16:06:48.194Z,https://www.edgenyc.com/en/sky-skate,desktop,76.5,843.8444999999999,0.3203503837522455,,37,206.5,890.1690944579507
2026-06-20T15:04:03.980Z,https://www.edgenyc.com/en/buy-tickets,mobile,43,13672.492750000001,0,,72.5,5131.619124999993,3244.6375858328292
2026-06-20T15:04:03.980Z,https://www.edgenyc.com/en/buy-tickets,desktop,76,2018.7855000000002,0,,73.5,335.7979999999998,935.8201680714905
2026-06-20T15:04:03.980Z,https://www.edgenyc.com/en/sky-skate,mobile,44,4088.6082500000007,0.21943952980243486,,437,2511.619125000002,4684.152381925778
2026-06-20T15:04:03.980Z,https://www.edgenyc.com/en/sky-skate,desktop,76.5,883.7049999999999,0.28453061591258894,,232,223.99999999999955,1193.2805971580788
2026-06-21T15:11:57.786Z,https://www.edgenyc.com/en/buy-tickets,mobile,44,9264.426,0,,381,2471.552749999998,4387.733764387947
2026-06-21T15:11:57.786Z,https://www.edgenyc.com/en/buy-tickets,desktop,84.5,2000.5895,0,,70,198.74999999999932,988.6941989131135
2026-06-21T15:11:57.786Z,https://www.edgenyc.com/en/sky-skate,mobile,43.5,3937.1935000000003,0.33786830329131046,,58,1938.0438750000003,3598.209003100411
2026-06-21T15:11:57.786Z,https://www.edgenyc.com/en/sky-skate,desktop,80,853.9534999999998,0.3597590001687766,,67.5,77.75,1502.488439675033
2026-06-22T17:40:38.585Z,https://www.edgenyc.com/en/buy-tickets,mobile,36,9862.98275,0.1930406050826113,,161,5725.25,3588.129905091129
2026-06-22T17:40:38.585Z,https://www.edgenyc.com/en/buy-tickets,desktop,97,488.33675,0.1022253743104807,,75,0,246.0625
2026-06-22T17:40:38.585Z,https://www.edgenyc.com/en/sky-skate,mobile,91,1694.26175,0.1930406050826113,,74.5,0,812.7084750000179
2026-06-22T17:40:38.585Z,https://www.edgenyc.com/en/sky-skate,desktop,89,707.2455,0.23203418122806285,,119,7.5,673.3021330436457
2026-06-23T15:50:33.164Z,https://www.edgenyc.com/en/buy-tickets,mobile,33,15618.202500000003,0,,128,4769.749999999997,8154.959200455818
2026-06-23T15:50:33.164Z,https://www.edgenyc.com/en/buy-tickets,desktop,77.5,1698.5327500000003,0,,47,366.49999999999955,882.2743408794829
2026-06-23T15:50:33.164Z,https://www.edgenyc.com/en/sky-skate,mobile,45.5,4257.62725,0.21915494538104824,,30.5,2684.6861250000047,3159.5174891576994
2026-06-23T15:50:33.164Z,https://www.edgenyc.com/en/sky-skate,desktop,77.5,924.697,0.30483913245471006,,41,200.74999999999955,1065.8674822895669
2026-06-24T15:33:25.298Z,https://www.edgenyc.com/en/buy-tickets,mobile,79,1991.8445,0.1930406050826113,,74,498.50000000000006,1049.1646236143483
2026-06-24T15:33:25.298Z,https://www.edgenyc.com/en/buy-tickets,desktop,97,486.20175,0.1022253743104807,,77.5,0,242.296
2026-06-24T15:33:25.298Z,https://www.edgenyc.com/en/sky-skate,mobile,91,1698.15525,0.1930406050826113,,85,0,838.2371019999996
2026-06-24T15:33:25.298Z,https://www.edgenyc.com/en/sky-skate,desktop,87,1451.2650000000003,0.12544313936684054,,122,62.75,941.7190396013609
2026-06-25T15:40:43.430Z,https://www.edgenyc.com/en/buy-tickets,mobile,43.5,13397.596000000001,0,,40,4621.656875000001,3457.211853790554
2026-06-25T15:40:43.430Z,https://www.edgenyc.com/en/buy-tickets,desktop,78.5,1384.53275,0,,38,393.25,860.4068888666794
2026-06-25T15:40:43.430Z,https://www.edgenyc.com/en/sky-skate,mobile,38.5,4833.925,0.21915494538104824,,26,2725.4999999999986,3216.4280775239404
2026-06-25T15:40:43.430Z,https://www.edgenyc.com/en/sky-skate,desktop,74,1082.1105000000002,0.3057370644992975,,35.5,230.75000000000023,992.3300939878507
2026-06-26T15:24:31.963Z,https://www.edgenyc.com/en/buy-tickets,mobile,38.5,11484.2615,0,,162,7004.082000000002,4586.219440748988
2026-06-26T15:24:31.963Z,https://www.edgenyc.com/en/buy-tickets,desktop,67.5,3291.20875,0,,155.5,325.5000000000009,1331.4520891748678
2026-06-26T15:24:31.963Z,https://www.edgenyc.com/en/sky-skate,mobile,41,3934.04975,0.33049965199542286,,164,2837.907125000002,4283.5702961983225
2026-06-26T15:24:31.963Z,https://www.edgenyc.com/en/sky-skate,desktop,68,1438.4757499999998,0.4388643568895323,,158,197.49999999999977,1393.9582699377054
2026-06-27T14:44:14.015Z,https://www.edgenyc.com/en/buy-tickets,mobile,41.5,13048.090000000002,0,,158,4696.207249999998,4592.894911948459
2026-06-27T14:44:14.015Z,https://www.edgenyc.com/en/buy-tickets,desktop,64.5,2800.42,0.06741185041528595,,158.5,395.6794999999995,1073.1516470697902
2026-06-27T14:44:14.015Z,https://www.edgenyc.com/en/sky-skate,mobile,40.5,3915.1515,0.33815324426742066,,159,3016.5,4371.929932621435
2026-06-27T14:44:14.015Z,https://www.edgenyc.com/en/sky-skate,desktop,69.5,868.1854999999999,0.36184298814564503,,311.5,271.00000000000045,1563.8844179169118
2026-06-29T16:38:40.919Z,https://www.edgenyc.com/en/buy-tickets,mobile,42.5,8945.094250000002,0,,30.5,4620.25,3772.0670007050167
2026-06-29T16:38:40.919Z,https://www.edgenyc.com/en/buy-tickets,desktop,79.5,1376.0059999999996,0,,29.5,364.2500000000009,829.8145355251158
2026-06-29T16:38:40.919Z,https://www.edgenyc.com/en/sky-skate,mobile,41,4636.91875,0.2194384117614926,,32,2712.579875000001,3206.907060962417
2026-06-29T16:38:40.919Z,https://www.edgenyc.com/en/sky-skate,desktop,77.5,979.70075,0.30483913245471006,,27,191.0000000000009,919.3885055214798
2026-06-30T15:33:24.624Z,https://www.edgenyc.com/en/buy-tickets,mobile,42.5,12377.735250000002,0,,163.5,4580.999999999998,4267.3600286365145
2026-06-30T15:33:24.624Z,https://www.edgenyc.com/en/buy-tickets,desktop,66.5,2742.1090000000004,0,,161.5,405.2499999999993,1235.418371119171
2026-06-30T15:33:24.624Z,https://www.edgenyc.com/en/sky-skate,mobile,44,3779.60875,0.21258405437179312,,163.5,2880.790375000003,6024.384619883849
2026-06-30T15:33:24.624Z,https://www.edgenyc.com/en/sky-skate,desktop,75,840.5489999999999,0.4003536725175887,,150.5,152.75000000000068,1654.559578269007
2026-07-01T15:43:55.481Z,https://www.edgenyc.com/en/buy-tickets,mobile,42,10717.312249999999,0,,77,4875.750000000001,3976.881393528253
2026-07-01T15:43:55.481Z,https://www.edgenyc.com/en/buy-tickets,desktop,71,2301.161,0,,71.5,383.5,1107.9035805204614
2026-07-01T15:43:55.481Z,https://www.edgenyc.com/en/sky-skate,mobile,47,3883.0372500000003,0.2194384117614926,,75,2472.907000000003,3775.7502713394524
2026-07-01T15:43:55.481Z,https://www.edgenyc.com/en/sky-skate,desktop,77,852.0545000000001,0.3333410603001775,,71.5,188.99999999999932,1184.508172215294
2026-07-02T15:18:01.219Z,https://www.edgenyc.com/en/buy-tickets,mobile,35.5,11902.401249999999,0,,166.5,9758.157000000005,5694.4936214664685
2026-07-02T15:18:01.219Z,https://www.edgenyc.com/en/buy-tickets,desktop,62,3427.5795000000003,0,,164,408.5661250000014,1554.091360728529
2026-07-02T15:18:01.219Z,https://www.edgenyc.com/en/sky-skate,mobile,45.5,3921.6532500000003,0.2194428355484902,,164.5,3268.499999999999,4362.935319415573
2026-07-02T15:18:01.219Z,https://www.edgenyc.com/en/sky-skate,desktop,69,813.5005,0.348852311597713,,268,276.2499999999998,1641.3963582745464
2026-07-03T15:12:49.765Z,https://www.edgenyc.com/en/buy-tickets,mobile,77.5,2040.84075,0.1930406050826113,,16.5,636.4320000000001,1093.1400070721506
2026-07-03T15:12:49.765Z,https://www.edgenyc.com/en/buy-tickets,desktop,97,457.9685,0.1022253743104807,,16.5,0,208.59825
2026-07-03T15:12:49.765Z,https://www.edgenyc.com/en/sky-skate,mobile,91,1668.1464999999998,0.1930406050826113,,16.5,0,760.19
2026-07-03T15:12:49.765Z,https://www.edgenyc.com/en/sky-skate,desktop,97,458.485,0.1022253743104807,,17.5,0,207.8295
2026-07-04T14:39:33.677Z,https://www.edgenyc.com/en/buy-tickets,mobile,79.5,1967.74125,0.1930406050826113,,52,504.5,986.8472388220838
2026-07-04T14:39:33.677Z,https://www.edgenyc.com/en/buy-tickets,desktop,97,473.51,0.1022253743104807,,59.5,0,231.9035
2026-07-04T14:39:33.677Z,https://www.edgenyc.com/en/sky-skate,mobile,91,1677.7845,0.1930406050826113,,45.5,0,787.1401389999901
2026-07-04T14:39:33.677Z,https://www.edgenyc.com/en/sky-skate,desktop,90,765.02,0.19703691510862936,,71,13.5,657.8670791713791
2026-07-05T14:45:36.136Z,https://www.edgenyc.com/en/buy-tickets,mobile,42,11896.119499999997,0,,152,5036.250000000001,4148.307990484762
2026-07-05T14:45:36.136Z,https://www.edgenyc.com/en/buy-tickets,desktop,63,2704.4569999999994,0,,151.5,505.9991249999998,1297.3104041295708
2026-07-05T14:45:36.136Z,https://www.edgenyc.com/en/sky-skate,mobile,41.5,3863.14175,0.33815324426742066,,151,3359.500000000001,3730.3733715509106
2026-07-05T14:45:36.136Z,https://www.edgenyc.com/en/sky-skate,desktop,70.5,873.2150000000001,0.3873629959696566,,150.5,230.24999999999932,1711.005666557639
