ISO timestamp of the run (UTC),Page URL measured,Field data scope used (url|origin|none),Largest Contentful Paint p75 (ms),Cumulative Layout Shift p75 (unitless),Interaction to Next Paint p75 (ms),Time to First Byte p75 (ms)
target: n/a,target: n/a,target: url preferred,target: <= 2500,target: <= 0.1,target: <= 200,target: <= 800
timestamp_iso,url,field_scope,lcp_p75_ms,cls_p75,inp_p75_ms,ttfb_p75_ms
2026-02-19T15:52:21.506Z,https://www.edgenyc.com/en/buy-tickets,origin,2198,0.10,161,949
2026-02-19T15:52:21.506Z,https://www.edgenyc.com/en/sky-skate,origin,2198,0.10,161,949
2026-02-20T15:39:03.077Z,https://www.edgenyc.com/en/buy-tickets,origin,2186,0.10,162,947
2026-02-20T15:39:03.077Z,https://www.edgenyc.com/en/sky-skate,origin,2186,0.10,162,947
2026-02-21T15:27:56.255Z,https://www.edgenyc.com/en/buy-tickets,origin,2177,0.10,161,953
2026-02-21T15:27:56.255Z,https://www.edgenyc.com/en/sky-skate,origin,2177,0.10,161,953
2026-02-22T15:28:02.213Z,https://www.edgenyc.com/en/buy-tickets,origin,2165,0.10,162,949
2026-02-22T15:28:02.213Z,https://www.edgenyc.com/en/sky-skate,origin,2165,0.10,162,949
2026-02-23T16:20:14.933Z,https://www.edgenyc.com/en/buy-tickets,origin,2140,0.10,162,952
2026-02-23T16:20:14.933Z,https://www.edgenyc.com/en/sky-skate,origin,2140,0.10,162,952
2026-02-24T16:01:12.013Z,https://www.edgenyc.com/en/buy-tickets,origin,2119,0.10,162,947
2026-02-24T16:01:12.013Z,https://www.edgenyc.com/en/sky-skate,origin,2119,0.10,162,947
2026-02-25T16:06:02.577Z,https://www.edgenyc.com/en/buy-tickets,origin,2106,0.11,162,951
2026-02-25T16:06:02.577Z,https://www.edgenyc.com/en/sky-skate,origin,2106,0.11,162,951
2026-02-26T15:55:44.245Z,https://www.edgenyc.com/en/buy-tickets,origin,2084,0.11,162,953
2026-02-26T15:55:44.245Z,https://www.edgenyc.com/en/sky-skate,origin,2084,0.11,162,953
2026-02-27T15:39:11.985Z,https://www.edgenyc.com/en/buy-tickets,origin,2075,0.11,162,955
2026-02-27T15:39:11.985Z,https://www.edgenyc.com/en/sky-skate,origin,2075,0.11,162,955
2026-02-28T15:25:56.080Z,https://www.edgenyc.com/en/buy-tickets,origin,2073,0.11,162,956
2026-02-28T15:25:56.080Z,https://www.edgenyc.com/en/sky-skate,origin,2073,0.11,162,956
2026-03-01T15:26:30.356Z,https://www.edgenyc.com/en/buy-tickets,origin,2065,0.11,162,954
2026-03-01T15:26:30.356Z,https://www.edgenyc.com/en/sky-skate,origin,2065,0.11,162,954
2026-03-02T15:43:52.496Z,https://www.edgenyc.com/en/buy-tickets,origin,2057,0.11,162,941
2026-03-02T15:43:52.496Z,https://www.edgenyc.com/en/sky-skate,origin,2057,0.11,162,941
2026-03-03T15:49:51.655Z,https://www.edgenyc.com/en/buy-tickets,origin,2055,0.12,162,941
2026-03-03T15:49:51.655Z,https://www.edgenyc.com/en/sky-skate,origin,2055,0.12,162,941
2026-03-04T15:43:51.906Z,https://www.edgenyc.com/en/buy-tickets,origin,2047,0.11,162,941
2026-03-04T15:43:51.906Z,https://www.edgenyc.com/en/sky-skate,origin,2047,0.11,162,941
2026-03-05T15:53:38.850Z,https://www.edgenyc.com/en/buy-tickets,origin,2034,0.11,162,937
2026-03-05T15:53:38.850Z,https://www.edgenyc.com/en/sky-skate,origin,2034,0.11,162,937
2026-03-06T15:40:27.764Z,https://www.edgenyc.com/en/buy-tickets,origin,2010,0.12,162,933
2026-03-06T15:40:27.764Z,https://www.edgenyc.com/en/sky-skate,origin,2010,0.12,162,933
2026-03-07T15:26:26.899Z,https://www.edgenyc.com/en/buy-tickets,origin,2003,0.12,162,933
2026-03-07T15:26:26.899Z,https://www.edgenyc.com/en/sky-skate,origin,2003,0.12,162,933
2026-03-08T15:27:00.785Z,https://www.edgenyc.com/en/buy-tickets,origin,1993,0.12,162,931
2026-03-08T15:27:00.785Z,https://www.edgenyc.com/en/sky-skate,origin,1993,0.12,162,931
2026-03-09T16:01:01.292Z,https://www.edgenyc.com/en/buy-tickets,origin,1992,0.12,162,923
2026-03-09T16:01:01.292Z,https://www.edgenyc.com/en/sky-skate,origin,1992,0.12,162,923
2026-03-10T16:02:07.436Z,https://www.edgenyc.com/en/buy-tickets,origin,1979,0.12,162,923
2026-03-10T16:02:07.436Z,https://www.edgenyc.com/en/sky-skate,origin,1979,0.12,162,923
2026-03-11T15:52:24.561Z,https://www.edgenyc.com/en/buy-tickets,origin,1971,0.12,162,921
2026-03-11T15:52:24.561Z,https://www.edgenyc.com/en/sky-skate,origin,1971,0.12,162,921
2026-03-12T16:01:28.649Z,https://www.edgenyc.com/en/buy-tickets,origin,1962,0.12,162,919
2026-03-12T16:01:28.649Z,https://www.edgenyc.com/en/sky-skate,origin,1962,0.12,162,919
2026-03-13T15:45:24.221Z,https://www.edgenyc.com/en/buy-tickets,origin,1945,0.12,161,921
2026-03-13T15:45:24.221Z,https://www.edgenyc.com/en/sky-skate,origin,1945,0.12,161,921
2026-03-14T15:30:27.681Z,https://www.edgenyc.com/en/buy-tickets,origin,1941,0.12,161,923
2026-03-14T15:30:27.681Z,https://www.edgenyc.com/en/sky-skate,origin,1941,0.12,161,923
2026-03-15T15:31:34.452Z,https://www.edgenyc.com/en/buy-tickets,origin,1939,0.12,161,924
2026-03-15T15:31:34.452Z,https://www.edgenyc.com/en/sky-skate,origin,1939,0.12,161,924
2026-03-16T16:07:23.357Z,https://www.edgenyc.com/en/buy-tickets,origin,1939,0.12,159,926
2026-03-16T16:07:23.357Z,https://www.edgenyc.com/en/sky-skate,origin,1939,0.12,159,926
2026-03-17T16:07:58.131Z,https://www.edgenyc.com/en/buy-tickets,origin,1934,0.12,158,920
2026-03-17T16:07:58.131Z,https://www.edgenyc.com/en/sky-skate,origin,1934,0.12,158,920
2026-03-18T16:09:39.979Z,https://www.edgenyc.com/en/buy-tickets,origin,1919,0.12,158,915
2026-03-18T16:09:39.979Z,https://www.edgenyc.com/en/sky-skate,origin,1919,0.12,158,915
2026-03-19T15:57:11.036Z,https://www.edgenyc.com/en/buy-tickets,origin,1908,0.13,157,920
2026-03-19T15:57:11.036Z,https://www.edgenyc.com/en/sky-skate,origin,1908,0.13,157,920
2026-03-20T15:45:11.032Z,https://www.edgenyc.com/en/buy-tickets,origin,1899,0.13,156,918
2026-03-20T15:45:11.032Z,https://www.edgenyc.com/en/sky-skate,origin,1899,0.13,156,918
2026-03-21T15:28:34.599Z,https://www.edgenyc.com/en/buy-tickets,origin,1883,0.13,155,913
2026-03-21T15:28:34.599Z,https://www.edgenyc.com/en/sky-skate,origin,1883,0.13,155,913
2026-03-22T15:29:06.935Z,https://www.edgenyc.com/en/buy-tickets,origin,1867,0.13,155,914
2026-03-22T15:29:06.935Z,https://www.edgenyc.com/en/sky-skate,origin,1867,0.13,155,914
2026-03-23T16:01:29.958Z,https://www.edgenyc.com/en/buy-tickets,origin,1865,0.13,154,909
2026-03-23T16:01:29.958Z,https://www.edgenyc.com/en/sky-skate,origin,1865,0.13,154,909
2026-03-24T16:08:44.647Z,https://www.edgenyc.com/en/buy-tickets,origin,1860,0.12,154,906
2026-03-24T16:08:44.647Z,https://www.edgenyc.com/en/sky-skate,origin,1860,0.12,154,906
2026-03-25T16:12:18.377Z,https://www.edgenyc.com/en/buy-tickets,origin,1857,0.11,154,904
2026-03-25T16:12:18.377Z,https://www.edgenyc.com/en/sky-skate,origin,1857,0.11,154,904
2026-03-26T16:13:27.728Z,https://www.edgenyc.com/en/buy-tickets,origin,1856,0.11,154,905
2026-03-26T16:13:27.728Z,https://www.edgenyc.com/en/sky-skate,origin,1856,0.11,154,905
2026-03-27T15:55:58.861Z,https://www.edgenyc.com/en/buy-tickets,origin,1849,0.10,154,904
2026-03-27T15:55:58.861Z,https://www.edgenyc.com/en/sky-skate,origin,1849,0.10,154,904
2026-03-28T15:34:04.197Z,https://www.edgenyc.com/en/buy-tickets,origin,1840,0.10,154,909
2026-03-28T15:34:04.197Z,https://www.edgenyc.com/en/sky-skate,origin,1840,0.10,154,909
2026-03-29T15:35:12.899Z,https://www.edgenyc.com/en/buy-tickets,origin,1827,0.10,154,915
2026-03-29T15:35:12.899Z,https://www.edgenyc.com/en/sky-skate,origin,1827,0.10,154,915
2026-03-30T16:07:27.843Z,https://www.edgenyc.com/en/buy-tickets,origin,1818,0.09,155,921
2026-03-30T16:07:27.843Z,https://www.edgenyc.com/en/sky-skate,origin,1818,0.09,155,921
2026-03-31T16:06:59.416Z,https://www.edgenyc.com/en/buy-tickets,origin,1797,0.09,157,921
2026-03-31T16:06:59.416Z,https://www.edgenyc.com/en/sky-skate,origin,1797,0.09,157,921
2026-04-01T16:07:11.089Z,https://www.edgenyc.com/en/buy-tickets,origin,1791,0.09,158,920
2026-04-01T16:07:11.089Z,https://www.edgenyc.com/en/sky-skate,origin,1791,0.09,158,920
2026-04-02T16:02:15.949Z,https://www.edgenyc.com/en/buy-tickets,origin,1783,0.09,160,916
2026-04-02T16:02:15.949Z,https://www.edgenyc.com/en/sky-skate,origin,1783,0.09,160,916
2026-04-03T15:40:15.257Z,https://www.edgenyc.com/en/buy-tickets,origin,1778,0.09,160,913
2026-04-03T15:40:15.257Z,https://www.edgenyc.com/en/sky-skate,origin,1778,0.09,160,913
2026-04-04T15:35:08.485Z,https://www.edgenyc.com/en/buy-tickets,origin,1774,0.09,161,913
2026-04-04T15:35:08.485Z,https://www.edgenyc.com/en/sky-skate,origin,1774,0.09,161,913
2026-04-05T15:35:51.549Z,https://www.edgenyc.com/en/buy-tickets,origin,1765,0.09,162,916
2026-04-05T15:35:51.549Z,https://www.edgenyc.com/en/sky-skate,origin,1765,0.09,162,916
2026-04-06T15:51:36.455Z,https://www.edgenyc.com/en/buy-tickets,origin,1760,0.09,162,916
2026-04-06T15:51:36.455Z,https://www.edgenyc.com/en/sky-skate,origin,1760,0.09,162,916
2026-04-07T16:11:03.606Z,https://www.edgenyc.com/en/buy-tickets,origin,1759,0.09,163,911
2026-04-07T16:11:03.606Z,https://www.edgenyc.com/en/sky-skate,origin,1759,0.09,163,911
2026-04-08T16:16:14.217Z,https://www.edgenyc.com/en/buy-tickets,origin,1761,0.09,163,910
2026-04-08T16:16:14.217Z,https://www.edgenyc.com/en/sky-skate,origin,1761,0.09,163,910
2026-04-09T16:19:39.050Z,https://www.edgenyc.com/en/buy-tickets,origin,1763,0.09,163,908
2026-04-09T16:19:39.050Z,https://www.edgenyc.com/en/sky-skate,origin,1763,0.09,163,908
2026-04-10T15:56:40.494Z,https://www.edgenyc.com/en/buy-tickets,origin,1767,0.09,164,906
2026-04-10T15:56:40.494Z,https://www.edgenyc.com/en/sky-skate,origin,1767,0.09,164,906
2026-04-11T15:36:23.978Z,https://www.edgenyc.com/en/buy-tickets,origin,1780,0.09,167,907
2026-04-11T15:36:23.978Z,https://www.edgenyc.com/en/sky-skate,origin,1780,0.09,167,907
2026-04-12T15:37:57.116Z,https://www.edgenyc.com/en/buy-tickets,origin,1812,0.08,169,910
2026-04-12T15:37:57.116Z,https://www.edgenyc.com/en/sky-skate,origin,1812,0.08,169,910
2026-04-13T16:16:04.238Z,https://www.edgenyc.com/en/buy-tickets,origin,1841,0.08,170,910
2026-04-13T16:16:04.238Z,https://www.edgenyc.com/en/sky-skate,origin,1841,0.08,170,910
2026-04-14T16:09:51.303Z,https://www.edgenyc.com/en/buy-tickets,origin,1871,0.08,172,909
2026-04-14T16:09:51.303Z,https://www.edgenyc.com/en/sky-skate,origin,1871,0.08,172,909
2026-04-15T16:07:13.048Z,https://www.edgenyc.com/en/buy-tickets,origin,1889,0.08,174,909
2026-04-15T16:07:13.048Z,https://www.edgenyc.com/en/sky-skate,origin,1889,0.08,174,909
2026-04-16T16:24:00.975Z,https://www.edgenyc.com/en/buy-tickets,origin,1893,0.08,176,908
2026-04-16T16:24:00.975Z,https://www.edgenyc.com/en/sky-skate,origin,1893,0.08,176,908
2026-04-17T16:03:01.357Z,https://www.edgenyc.com/en/buy-tickets,origin,1897,0.08,177,908
2026-04-17T16:03:01.357Z,https://www.edgenyc.com/en/sky-skate,origin,1897,0.08,177,908
2026-04-18T15:39:10.200Z,https://www.edgenyc.com/en/buy-tickets,origin,1905,0.08,178,909
2026-04-18T15:39:10.200Z,https://www.edgenyc.com/en/sky-skate,origin,1905,0.08,178,909
2026-04-19T15:39:37.368Z,https://www.edgenyc.com/en/buy-tickets,origin,1917,0.08,179,909
2026-04-19T15:39:37.368Z,https://www.edgenyc.com/en/sky-skate,origin,1917,0.08,179,909
2026-04-20T16:12:46.306Z,https://www.edgenyc.com/en/buy-tickets,origin,1920,0.08,179,905
2026-04-20T16:12:46.306Z,https://www.edgenyc.com/en/sky-skate,origin,1920,0.08,179,905
2026-04-21T16:11:54.226Z,https://www.edgenyc.com/en/buy-tickets,origin,1929,0.08,180,906
2026-04-21T16:11:54.226Z,https://www.edgenyc.com/en/sky-skate,origin,1929,0.08,180,906
2026-04-22T16:09:53.319Z,https://www.edgenyc.com/en/buy-tickets,origin,1933,0.08,181,907
2026-04-22T16:09:53.319Z,https://www.edgenyc.com/en/sky-skate,origin,1933,0.08,181,907
2026-04-24T16:05:34.281Z,https://www.edgenyc.com/en/buy-tickets,origin,1951,0.08,184,909
2026-04-24T16:05:34.281Z,https://www.edgenyc.com/en/sky-skate,origin,1951,0.08,184,909
2026-04-25T15:41:08.086Z,https://www.edgenyc.com/en/buy-tickets,origin,1952,0.08,185,908
2026-04-25T15:41:08.086Z,https://www.edgenyc.com/en/sky-skate,origin,1952,0.08,185,908
2026-04-26T15:44:20.585Z,https://www.edgenyc.com/en/buy-tickets,origin,1962,0.08,186,909
2026-04-26T15:44:20.585Z,https://www.edgenyc.com/en/sky-skate,origin,1962,0.08,186,909
2026-04-27T16:27:35.032Z,https://www.edgenyc.com/en/buy-tickets,origin,1969,0.08,186,910
2026-04-27T16:27:35.032Z,https://www.edgenyc.com/en/sky-skate,origin,1969,0.08,186,910
2026-04-28T16:54:02.682Z,https://www.edgenyc.com/en/buy-tickets,origin,1979,0.08,186,911
2026-04-28T16:54:02.682Z,https://www.edgenyc.com/en/sky-skate,origin,1979,0.08,186,911
2026-04-29T16:42:32.577Z,https://www.edgenyc.com/en/buy-tickets,origin,1987,0.08,186,913
2026-04-29T16:42:32.577Z,https://www.edgenyc.com/en/sky-skate,origin,1987,0.08,186,913
2026-04-30T16:20:58.424Z,https://www.edgenyc.com/en/buy-tickets,origin,1991,0.08,186,919
2026-04-30T16:20:58.424Z,https://www.edgenyc.com/en/sky-skate,origin,1991,0.08,186,919
2026-05-01T15:59:20.472Z,https://www.edgenyc.com/en/buy-tickets,origin,2005,0.08,187,922
2026-05-01T15:59:20.472Z,https://www.edgenyc.com/en/sky-skate,origin,2005,0.08,187,922
2026-05-02T15:50:14.906Z,https://www.edgenyc.com/en/buy-tickets,origin,2015,0.08,187,923
2026-05-02T15:50:14.906Z,https://www.edgenyc.com/en/sky-skate,origin,2015,0.08,187,923
2026-05-03T15:50:57.744Z,https://www.edgenyc.com/en/buy-tickets,origin,2025,0.08,187,923
2026-05-03T15:50:57.744Z,https://www.edgenyc.com/en/sky-skate,origin,2025,0.08,187,923
2026-05-04T16:48:08.067Z,https://www.edgenyc.com/en/buy-tickets,origin,2025,0.08,187,923
2026-05-04T16:48:08.067Z,https://www.edgenyc.com/en/sky-skate,origin,2025,0.08,187,923
2026-05-05T16:25:25.713Z,https://www.edgenyc.com/en/buy-tickets,origin,2030,0.08,188,927
2026-05-05T16:25:25.713Z,https://www.edgenyc.com/en/sky-skate,origin,2030,0.08,188,927
2026-05-06T16:42:46.650Z,https://www.edgenyc.com/en/buy-tickets,origin,2042,0.08,188,930
2026-05-06T16:42:46.650Z,https://www.edgenyc.com/en/sky-skate,origin,2042,0.08,188,930
2026-05-07T16:52:30.620Z,https://www.edgenyc.com/en/buy-tickets,origin,2037,0.08,189,932
2026-05-07T16:52:30.620Z,https://www.edgenyc.com/en/sky-skate,origin,2037,0.08,189,932
2026-05-08T16:14:36.887Z,https://www.edgenyc.com/en/buy-tickets,origin,2029,0.07,189,936
2026-05-08T16:14:36.887Z,https://www.edgenyc.com/en/sky-skate,origin,2029,0.07,189,936
2026-05-09T15:55:10.968Z,https://www.edgenyc.com/en/buy-tickets,origin,2012,0.07,189,937
2026-05-09T15:55:10.968Z,https://www.edgenyc.com/en/sky-skate,origin,2012,0.07,189,937
2026-05-10T15:56:33.675Z,https://www.edgenyc.com/en/buy-tickets,origin,1977,0.07,188,934
2026-05-10T15:56:33.675Z,https://www.edgenyc.com/en/sky-skate,origin,1977,0.07,188,934
2026-05-11T17:26:38.640Z,https://www.edgenyc.com/en/buy-tickets,origin,1945,0.07,188,935
2026-05-11T17:26:38.640Z,https://www.edgenyc.com/en/sky-skate,origin,1945,0.07,188,935
2026-05-12T17:13:13.857Z,https://www.edgenyc.com/en/buy-tickets,origin,1904,0.07,187,936
2026-05-12T17:13:13.857Z,https://www.edgenyc.com/en/sky-skate,origin,1904,0.07,187,936
2026-05-13T17:18:36.730Z,https://www.edgenyc.com/en/buy-tickets,origin,1880,0.07,187,937
2026-05-13T17:18:36.730Z,https://www.edgenyc.com/en/sky-skate,origin,1880,0.07,187,937
2026-05-14T17:02:34.251Z,https://www.edgenyc.com/en/buy-tickets,origin,1861,0.07,187,935
2026-05-14T17:02:34.251Z,https://www.edgenyc.com/en/sky-skate,origin,1861,0.07,187,935
2026-05-15T16:52:24.181Z,https://www.edgenyc.com/en/buy-tickets,origin,1845,0.07,186,935
2026-05-15T16:52:24.181Z,https://www.edgenyc.com/en/sky-skate,origin,1845,0.07,186,935
2026-05-16T15:59:33.712Z,https://www.edgenyc.com/en/buy-tickets,origin,1818,0.07,186,931
2026-05-16T15:59:33.712Z,https://www.edgenyc.com/en/sky-skate,origin,1818,0.07,186,931
2026-05-17T16:00:21.901Z,https://www.edgenyc.com/en/buy-tickets,origin,1796,0.07,185,931
2026-05-17T16:00:21.901Z,https://www.edgenyc.com/en/sky-skate,origin,1796,0.07,185,931
2026-05-18T17:30:32.890Z,https://www.edgenyc.com/en/buy-tickets,origin,1779,0.07,185,935
2026-05-18T17:30:32.890Z,https://www.edgenyc.com/en/sky-skate,origin,1779,0.07,185,935
2026-05-19T17:38:46.254Z,https://www.edgenyc.com/en/buy-tickets,origin,1762,0.08,185,937
2026-05-19T17:38:46.254Z,https://www.edgenyc.com/en/sky-skate,origin,1762,0.08,185,937
2026-05-20T17:54:08.135Z,https://www.edgenyc.com/en/buy-tickets,origin,1745,0.08,185,938
2026-05-20T17:54:08.135Z,https://www.edgenyc.com/en/sky-skate,origin,1745,0.08,185,938
2026-05-21T17:30:55.243Z,https://www.edgenyc.com/en/buy-tickets,origin,1723,0.08,185,938
2026-05-21T17:30:55.243Z,https://www.edgenyc.com/en/sky-skate,origin,1723,0.08,185,938
2026-05-22T17:09:50.367Z,https://www.edgenyc.com/en/buy-tickets,origin,1699,0.08,185,938
2026-05-22T17:09:50.367Z,https://www.edgenyc.com/en/sky-skate,origin,1699,0.08,185,938
2026-05-23T16:02:59.125Z,https://www.edgenyc.com/en/buy-tickets,origin,1676,0.08,184,939
2026-05-23T16:02:59.125Z,https://www.edgenyc.com/en/sky-skate,origin,1676,0.08,184,939
2026-05-24T16:02:19.278Z,https://www.edgenyc.com/en/buy-tickets,origin,1655,0.08,184,936
2026-05-24T16:02:19.278Z,https://www.edgenyc.com/en/sky-skate,origin,1655,0.08,184,936
2026-05-25T17:07:48.451Z,https://www.edgenyc.com/en/buy-tickets,origin,1640,0.08,184,934
2026-05-25T17:07:48.451Z,https://www.edgenyc.com/en/sky-skate,origin,1640,0.08,184,934
2026-05-26T17:56:12.218Z,https://www.edgenyc.com/en/buy-tickets,origin,1623,0.08,184,930
2026-05-26T17:56:12.218Z,https://www.edgenyc.com/en/sky-skate,origin,1623,0.08,184,930
2026-05-27T17:57:18.464Z,https://www.edgenyc.com/en/buy-tickets,origin,1600,0.08,184,927
2026-05-27T17:57:18.464Z,https://www.edgenyc.com/en/sky-skate,origin,1600,0.08,184,927
2026-05-28T18:13:13.486Z,https://www.edgenyc.com/en/buy-tickets,origin,1586,0.08,184,922
2026-05-28T18:13:13.486Z,https://www.edgenyc.com/en/sky-skate,origin,1586,0.08,184,922
2026-05-29T18:12:57.621Z,https://www.edgenyc.com/en/buy-tickets,origin,1566,0.08,185,920
2026-05-29T18:12:57.621Z,https://www.edgenyc.com/en/sky-skate,origin,1566,0.08,185,920
2026-05-30T16:05:38.535Z,https://www.edgenyc.com/en/buy-tickets,origin,1549,0.08,185,921
2026-05-30T16:05:38.535Z,https://www.edgenyc.com/en/sky-skate,origin,1549,0.08,185,921
2026-05-31T16:11:45.670Z,https://www.edgenyc.com/en/buy-tickets,origin,1544,0.08,184,920
2026-05-31T16:11:45.670Z,https://www.edgenyc.com/en/sky-skate,origin,1544,0.08,184,920
2026-06-01T19:55:28.065Z,https://www.edgenyc.com/en/buy-tickets,origin,1544,0.08,183,919
2026-06-01T19:55:28.065Z,https://www.edgenyc.com/en/sky-skate,origin,1544,0.08,183,919
2026-06-02T18:40:58.635Z,https://www.edgenyc.com/en/buy-tickets,origin,1543,0.08,184,917
2026-06-02T18:40:58.635Z,https://www.edgenyc.com/en/sky-skate,origin,1543,0.08,184,917
2026-06-03T18:45:51.770Z,https://www.edgenyc.com/en/buy-tickets,origin,1531,0.08,185,913
2026-06-03T18:45:51.770Z,https://www.edgenyc.com/en/sky-skate,origin,1531,0.08,185,913
2026-06-04T17:46:08.896Z,https://www.edgenyc.com/en/buy-tickets,origin,1535,0.08,184,913
2026-06-04T17:46:08.896Z,https://www.edgenyc.com/en/sky-skate,origin,1535,0.08,184,913
2026-06-05T17:20:32.556Z,https://www.edgenyc.com/en/buy-tickets,origin,1543,0.08,185,911
2026-06-05T17:20:32.556Z,https://www.edgenyc.com/en/sky-skate,origin,1543,0.08,185,911
2026-06-06T16:07:09.041Z,https://www.edgenyc.com/en/buy-tickets,origin,1543,0.08,185,911
2026-06-06T16:07:09.041Z,https://www.edgenyc.com/en/sky-skate,origin,1543,0.08,185,911
2026-06-07T16:18:49.346Z,https://www.edgenyc.com/en/buy-tickets,origin,1543,0.08,185,911
2026-06-07T16:18:49.346Z,https://www.edgenyc.com/en/sky-skate,origin,1543,0.08,185,911
2026-06-08T17:56:03.084Z,https://www.edgenyc.com/en/buy-tickets,origin,1543,0.08,185,911
2026-06-08T17:56:03.084Z,https://www.edgenyc.com/en/sky-skate,origin,1543,0.08,185,911
2026-06-09T17:25:30.932Z,https://www.edgenyc.com/en/buy-tickets,origin,1585,0.08,186,906
2026-06-09T17:25:30.932Z,https://www.edgenyc.com/en/sky-skate,origin,1585,0.08,186,906
2026-06-10T18:00:27.276Z,https://www.edgenyc.com/en/buy-tickets,origin,1594,0.08,187,905
2026-06-10T18:00:27.276Z,https://www.edgenyc.com/en/sky-skate,origin,1594,0.08,187,905
2026-06-11T18:16:06.262Z,https://www.edgenyc.com/en/buy-tickets,origin,1609,0.08,187,902
2026-06-11T18:16:06.262Z,https://www.edgenyc.com/en/sky-skate,origin,1609,0.08,187,902
2026-06-12T17:38:25.708Z,https://www.edgenyc.com/en/buy-tickets,origin,1620,0.08,187,899
2026-06-12T17:38:25.708Z,https://www.edgenyc.com/en/sky-skate,origin,1620,0.08,187,899
2026-06-13T16:14:19.900Z,https://www.edgenyc.com/en/buy-tickets,origin,1628,0.08,187,898
2026-06-13T16:14:19.900Z,https://www.edgenyc.com/en/sky-skate,origin,1628,0.08,187,898
2026-06-14T16:24:07.899Z,https://www.edgenyc.com/en/buy-tickets,origin,1638,0.08,187,897
2026-06-14T16:24:07.899Z,https://www.edgenyc.com/en/sky-skate,origin,1638,0.08,187,897
2026-06-15T19:04:16.519Z,https://www.edgenyc.com/en/buy-tickets,origin,1638,0.08,188,896
2026-06-15T19:04:16.519Z,https://www.edgenyc.com/en/sky-skate,origin,1638,0.08,188,896
2026-06-16T18:54:46.098Z,https://www.edgenyc.com/en/buy-tickets,origin,1639,0.08,188,892
2026-06-16T18:54:46.098Z,https://www.edgenyc.com/en/sky-skate,origin,1639,0.08,188,892
2026-06-17T17:49:20.839Z,https://www.edgenyc.com/en/buy-tickets,origin,1638,0.08,188,884
2026-06-17T17:49:20.839Z,https://www.edgenyc.com/en/sky-skate,origin,1638,0.08,188,884
2026-06-18T18:06:01.247Z,https://www.edgenyc.com/en/buy-tickets,origin,1639,0.08,188,882
2026-06-18T18:06:01.247Z,https://www.edgenyc.com/en/sky-skate,origin,1639,0.08,188,882
2026-06-19T17:20:10.541Z,https://www.edgenyc.com/en/buy-tickets,origin,1640,0.08,188,877
2026-06-19T17:20:10.541Z,https://www.edgenyc.com/en/sky-skate,origin,1640,0.08,188,877
2026-06-20T16:20:36.160Z,https://www.edgenyc.com/en/buy-tickets,origin,1643,0.08,189,871
2026-06-20T16:20:36.160Z,https://www.edgenyc.com/en/sky-skate,origin,1643,0.08,189,871
2026-06-21T16:46:03.764Z,https://www.edgenyc.com/en/buy-tickets,origin,1637,0.08,188,859
2026-06-21T16:46:03.764Z,https://www.edgenyc.com/en/sky-skate,origin,1637,0.08,188,859
2026-06-22T18:46:57.952Z,https://www.edgenyc.com/en/buy-tickets,origin,1632,0.08,189,854
2026-06-22T18:46:57.952Z,https://www.edgenyc.com/en/sky-skate,origin,1632,0.08,189,854
2026-06-23T17:18:31.042Z,https://www.edgenyc.com/en/buy-tickets,origin,1627,0.08,189,849
2026-06-23T17:18:31.042Z,https://www.edgenyc.com/en/sky-skate,origin,1627,0.08,189,849
2026-06-24T17:06:26.966Z,https://www.edgenyc.com/en/buy-tickets,origin,1627,0.08,188,844
2026-06-24T17:06:26.966Z,https://www.edgenyc.com/en/sky-skate,origin,1627,0.08,188,844
2026-06-25T17:12:34.817Z,https://www.edgenyc.com/en/buy-tickets,origin,1620,0.08,188,835
2026-06-25T17:12:34.817Z,https://www.edgenyc.com/en/sky-skate,origin,1620,0.08,188,835
2026-06-26T17:01:03.453Z,https://www.edgenyc.com/en/buy-tickets,origin,1620,0.08,188,829
2026-06-26T17:01:03.453Z,https://www.edgenyc.com/en/sky-skate,origin,1620,0.08,188,829
2026-06-27T16:06:31.963Z,https://www.edgenyc.com/en/buy-tickets,origin,1619,0.08,188,819
2026-06-27T16:06:31.963Z,https://www.edgenyc.com/en/sky-skate,origin,1619,0.08,188,819
2026-06-28T16:12:25.098Z,https://www.edgenyc.com/en/buy-tickets,origin,1603,0.08,189,813
2026-06-28T16:12:25.098Z,https://www.edgenyc.com/en/sky-skate,origin,1603,0.08,189,813
2026-06-29T17:38:52.619Z,https://www.edgenyc.com/en/buy-tickets,origin,1582,0.08,189,803
2026-06-29T17:38:52.619Z,https://www.edgenyc.com/en/sky-skate,origin,1582,0.08,189,803
2026-06-30T17:07:07.052Z,https://www.edgenyc.com/en/buy-tickets,origin,1554,0.08,190,792
2026-06-30T17:07:07.052Z,https://www.edgenyc.com/en/sky-skate,origin,1554,0.08,190,792
2026-07-01T17:18:58.801Z,https://www.edgenyc.com/en/buy-tickets,origin,1534,0.08,189,784
2026-07-01T17:18:58.801Z,https://www.edgenyc.com/en/sky-skate,origin,1534,0.08,189,784
2026-07-02T16:50:54.460Z,https://www.edgenyc.com/en/buy-tickets,origin,1515,0.08,189,776
2026-07-02T16:50:54.460Z,https://www.edgenyc.com/en/sky-skate,origin,1515,0.08,189,776
2026-07-03T16:26:06.553Z,https://www.edgenyc.com/en/buy-tickets,origin,1501,0.08,188,775
2026-07-03T16:26:06.553Z,https://www.edgenyc.com/en/sky-skate,origin,1501,0.08,188,775
2026-07-04T16:04:13.224Z,https://www.edgenyc.com/en/buy-tickets,origin,1487,0.08,188,771
2026-07-04T16:04:13.224Z,https://www.edgenyc.com/en/sky-skate,origin,1487,0.08,188,771
2026-07-05T16:10:54.457Z,https://www.edgenyc.com/en/buy-tickets,origin,1467,0.08,188,759
2026-07-05T16:10:54.457Z,https://www.edgenyc.com/en/sky-skate,origin,1467,0.08,188,759
2026-07-06T17:45:24.057Z,https://www.edgenyc.com/en/buy-tickets,origin,1442,0.08,187,745
2026-07-06T17:45:24.057Z,https://www.edgenyc.com/en/sky-skate,origin,1442,0.08,187,745
2026-07-07T17:16:46.751Z,https://www.edgenyc.com/en/buy-tickets,origin,1434,0.08,187,742
2026-07-07T17:16:46.751Z,https://www.edgenyc.com/en/sky-skate,origin,1434,0.08,187,742
2026-07-08T16:40:41.754Z,https://www.edgenyc.com/en/buy-tickets,origin,1427,0.08,187,743
2026-07-08T16:40:41.754Z,https://www.edgenyc.com/en/sky-skate,origin,1427,0.08,187,743
2026-07-09T17:22:35.300Z,https://www.edgenyc.com/en/buy-tickets,origin,1421,0.08,187,744
2026-07-09T17:22:35.300Z,https://www.edgenyc.com/en/sky-skate,origin,1421,0.08,187,744
2026-07-10T16:57:19.357Z,https://www.edgenyc.com/en/buy-tickets,origin,1420,0.08,188,743
2026-07-10T16:57:19.357Z,https://www.edgenyc.com/en/sky-skate,origin,1420,0.08,188,743
